--
-- PostgreSQL database dump
--

\restrict mwyLVpI35h053twEMWz0dYUfWEdDUNYrgeEpvcxzxavZ9H0Gj4fRA0hnQnH3JA6

-- Dumped from database version 14.22 (Ubuntu 14.22-0ubuntu0.22.04.1)
-- Dumped by pg_dump version 14.22 (Ubuntu 14.22-0ubuntu0.22.04.1)

SET statement_timeout = 0;
SET lock_timeout = 0;
SET idle_in_transaction_session_timeout = 0;
SET client_encoding = 'UTF8';
SET standard_conforming_strings = on;
SELECT pg_catalog.set_config('search_path', '', false);
SET check_function_bodies = false;
SET xmloption = content;
SET client_min_messages = warning;
SET row_security = off;

SET default_tablespace = '';

SET default_table_access_method = heap;

--
-- Name: auth_group; Type: TABLE; Schema: public; Owner: postgres
--

CREATE TABLE public.auth_group (
    id integer NOT NULL,
    name character varying(150) NOT NULL
);


ALTER TABLE public.auth_group OWNER TO postgres;

--
-- Name: auth_group_id_seq; Type: SEQUENCE; Schema: public; Owner: postgres
--

ALTER TABLE public.auth_group ALTER COLUMN id ADD GENERATED BY DEFAULT AS IDENTITY (
    SEQUENCE NAME public.auth_group_id_seq
    START WITH 1
    INCREMENT BY 1
    NO MINVALUE
    NO MAXVALUE
    CACHE 1
);


--
-- Name: auth_group_permissions; Type: TABLE; Schema: public; Owner: postgres
--

CREATE TABLE public.auth_group_permissions (
    id bigint NOT NULL,
    group_id integer NOT NULL,
    permission_id integer NOT NULL
);


ALTER TABLE public.auth_group_permissions OWNER TO postgres;

--
-- Name: auth_group_permissions_id_seq; Type: SEQUENCE; Schema: public; Owner: postgres
--

ALTER TABLE public.auth_group_permissions ALTER COLUMN id ADD GENERATED BY DEFAULT AS IDENTITY (
    SEQUENCE NAME public.auth_group_permissions_id_seq
    START WITH 1
    INCREMENT BY 1
    NO MINVALUE
    NO MAXVALUE
    CACHE 1
);


--
-- Name: auth_permission; Type: TABLE; Schema: public; Owner: postgres
--

CREATE TABLE public.auth_permission (
    id integer NOT NULL,
    name character varying(255) NOT NULL,
    content_type_id integer NOT NULL,
    codename character varying(100) NOT NULL
);


ALTER TABLE public.auth_permission OWNER TO postgres;

--
-- Name: auth_permission_id_seq; Type: SEQUENCE; Schema: public; Owner: postgres
--

ALTER TABLE public.auth_permission ALTER COLUMN id ADD GENERATED BY DEFAULT AS IDENTITY (
    SEQUENCE NAME public.auth_permission_id_seq
    START WITH 1
    INCREMENT BY 1
    NO MINVALUE
    NO MAXVALUE
    CACHE 1
);


--
-- Name: cakes_cakereservation; Type: TABLE; Schema: public; Owner: postgres
--

CREATE TABLE public.cakes_cakereservation (
    id bigint NOT NULL,
    flavor character varying(100) NOT NULL,
    size character varying(50) NOT NULL,
    design character varying(255) NOT NULL,
    message character varying(500) NOT NULL,
    pickup_date date NOT NULL,
    pickup_time time without time zone NOT NULL,
    advance_amount numeric(10,2) NOT NULL,
    status character varying(20) NOT NULL,
    rejection_reason text NOT NULL,
    created_at timestamp with time zone NOT NULL,
    updated_at timestamp with time zone NOT NULL,
    canteen_id bigint NOT NULL,
    customer_id bigint NOT NULL
);


ALTER TABLE public.cakes_cakereservation OWNER TO postgres;

--
-- Name: cakes_cakereservation_id_seq; Type: SEQUENCE; Schema: public; Owner: postgres
--

ALTER TABLE public.cakes_cakereservation ALTER COLUMN id ADD GENERATED BY DEFAULT AS IDENTITY (
    SEQUENCE NAME public.cakes_cakereservation_id_seq
    START WITH 1
    INCREMENT BY 1
    NO MINVALUE
    NO MAXVALUE
    CACHE 1
);


--
-- Name: canteens_canteen; Type: TABLE; Schema: public; Owner: postgres
--

CREATE TABLE public.canteens_canteen (
    id bigint NOT NULL,
    name character varying(255) NOT NULL,
    location character varying(500) NOT NULL,
    opening_time time without time zone NOT NULL,
    closing_time time without time zone NOT NULL,
    lead_time_config integer NOT NULL,
    status character varying(20) NOT NULL,
    rejection_reason text NOT NULL,
    created_at timestamp with time zone NOT NULL,
    updated_at timestamp with time zone NOT NULL,
    manager_id bigint NOT NULL,
    image character varying(100)
);


ALTER TABLE public.canteens_canteen OWNER TO postgres;

--
-- Name: canteens_canteen_id_seq; Type: SEQUENCE; Schema: public; Owner: postgres
--

ALTER TABLE public.canteens_canteen ALTER COLUMN id ADD GENERATED BY DEFAULT AS IDENTITY (
    SEQUENCE NAME public.canteens_canteen_id_seq
    START WITH 1
    INCREMENT BY 1
    NO MINVALUE
    NO MAXVALUE
    CACHE 1
);


--
-- Name: canteens_canteenholiday; Type: TABLE; Schema: public; Owner: postgres
--

CREATE TABLE public.canteens_canteenholiday (
    id bigint NOT NULL,
    date date NOT NULL,
    description character varying(255) NOT NULL,
    canteen_id bigint NOT NULL
);


ALTER TABLE public.canteens_canteenholiday OWNER TO postgres;

--
-- Name: canteens_canteenholiday_id_seq; Type: SEQUENCE; Schema: public; Owner: postgres
--

ALTER TABLE public.canteens_canteenholiday ALTER COLUMN id ADD GENERATED BY DEFAULT AS IDENTITY (
    SEQUENCE NAME public.canteens_canteenholiday_id_seq
    START WITH 1
    INCREMENT BY 1
    NO MINVALUE
    NO MAXVALUE
    CACHE 1
);


--
-- Name: canteens_dish; Type: TABLE; Schema: public; Owner: postgres
--

CREATE TABLE public.canteens_dish (
    id bigint NOT NULL,
    name character varying(255) NOT NULL,
    price numeric(8,2) NOT NULL,
    description text NOT NULL,
    is_available boolean NOT NULL,
    photo character varying(100),
    rating numeric(3,2) NOT NULL,
    category character varying(50) NOT NULL,
    created_at timestamp with time zone NOT NULL,
    updated_at timestamp with time zone NOT NULL,
    canteen_id bigint NOT NULL,
    is_veg boolean NOT NULL
);


ALTER TABLE public.canteens_dish OWNER TO postgres;

--
-- Name: canteens_dish_id_seq; Type: SEQUENCE; Schema: public; Owner: postgres
--

ALTER TABLE public.canteens_dish ALTER COLUMN id ADD GENERATED BY DEFAULT AS IDENTITY (
    SEQUENCE NAME public.canteens_dish_id_seq
    START WITH 1
    INCREMENT BY 1
    NO MINVALUE
    NO MAXVALUE
    CACHE 1
);


--
-- Name: canteens_dishrating; Type: TABLE; Schema: public; Owner: postgres
--

CREATE TABLE public.canteens_dishrating (
    id bigint NOT NULL,
    rating integer NOT NULL,
    created_at timestamp with time zone NOT NULL,
    customer_id bigint NOT NULL,
    dish_id bigint NOT NULL,
    order_id bigint
);


ALTER TABLE public.canteens_dishrating OWNER TO postgres;

--
-- Name: canteens_dishrating_id_seq; Type: SEQUENCE; Schema: public; Owner: postgres
--

ALTER TABLE public.canteens_dishrating ALTER COLUMN id ADD GENERATED BY DEFAULT AS IDENTITY (
    SEQUENCE NAME public.canteens_dishrating_id_seq
    START WITH 1
    INCREMENT BY 1
    NO MINVALUE
    NO MAXVALUE
    CACHE 1
);


--
-- Name: django_admin_log; Type: TABLE; Schema: public; Owner: postgres
--

CREATE TABLE public.django_admin_log (
    id integer NOT NULL,
    action_time timestamp with time zone NOT NULL,
    object_id text,
    object_repr character varying(200) NOT NULL,
    action_flag smallint NOT NULL,
    change_message text NOT NULL,
    content_type_id integer,
    user_id bigint NOT NULL,
    CONSTRAINT django_admin_log_action_flag_check CHECK ((action_flag >= 0))
);


ALTER TABLE public.django_admin_log OWNER TO postgres;

--
-- Name: django_admin_log_id_seq; Type: SEQUENCE; Schema: public; Owner: postgres
--

ALTER TABLE public.django_admin_log ALTER COLUMN id ADD GENERATED BY DEFAULT AS IDENTITY (
    SEQUENCE NAME public.django_admin_log_id_seq
    START WITH 1
    INCREMENT BY 1
    NO MINVALUE
    NO MAXVALUE
    CACHE 1
);


--
-- Name: django_content_type; Type: TABLE; Schema: public; Owner: postgres
--

CREATE TABLE public.django_content_type (
    id integer NOT NULL,
    app_label character varying(100) NOT NULL,
    model character varying(100) NOT NULL
);


ALTER TABLE public.django_content_type OWNER TO postgres;

--
-- Name: django_content_type_id_seq; Type: SEQUENCE; Schema: public; Owner: postgres
--

ALTER TABLE public.django_content_type ALTER COLUMN id ADD GENERATED BY DEFAULT AS IDENTITY (
    SEQUENCE NAME public.django_content_type_id_seq
    START WITH 1
    INCREMENT BY 1
    NO MINVALUE
    NO MAXVALUE
    CACHE 1
);


--
-- Name: django_migrations; Type: TABLE; Schema: public; Owner: postgres
--

CREATE TABLE public.django_migrations (
    id bigint NOT NULL,
    app character varying(255) NOT NULL,
    name character varying(255) NOT NULL,
    applied timestamp with time zone NOT NULL
);


ALTER TABLE public.django_migrations OWNER TO postgres;

--
-- Name: django_migrations_id_seq; Type: SEQUENCE; Schema: public; Owner: postgres
--

ALTER TABLE public.django_migrations ALTER COLUMN id ADD GENERATED BY DEFAULT AS IDENTITY (
    SEQUENCE NAME public.django_migrations_id_seq
    START WITH 1
    INCREMENT BY 1
    NO MINVALUE
    NO MAXVALUE
    CACHE 1
);


--
-- Name: django_session; Type: TABLE; Schema: public; Owner: postgres
--

CREATE TABLE public.django_session (
    session_key character varying(40) NOT NULL,
    session_data text NOT NULL,
    expire_date timestamp with time zone NOT NULL
);


ALTER TABLE public.django_session OWNER TO postgres;

--
-- Name: orders_order; Type: TABLE; Schema: public; Owner: postgres
--

CREATE TABLE public.orders_order (
    id bigint NOT NULL,
    status character varying(20) NOT NULL,
    book_time timestamp with time zone NOT NULL,
    receive_time timestamp with time zone,
    notes text NOT NULL,
    canteen_id bigint NOT NULL,
    customer_id bigint NOT NULL,
    reject_reason text NOT NULL,
    cancel_rejection_reason text NOT NULL,
    is_rated boolean NOT NULL,
    customer_name character varying(255) NOT NULL,
    roll_no character varying(50) NOT NULL
);


ALTER TABLE public.orders_order OWNER TO postgres;

--
-- Name: orders_order_id_seq; Type: SEQUENCE; Schema: public; Owner: postgres
--

ALTER TABLE public.orders_order ALTER COLUMN id ADD GENERATED BY DEFAULT AS IDENTITY (
    SEQUENCE NAME public.orders_order_id_seq
    START WITH 1
    INCREMENT BY 1
    NO MINVALUE
    NO MAXVALUE
    CACHE 1
);


--
-- Name: orders_orderitem; Type: TABLE; Schema: public; Owner: postgres
--

CREATE TABLE public.orders_orderitem (
    id bigint NOT NULL,
    quantity integer NOT NULL,
    price_at_order numeric(8,2) NOT NULL,
    dish_id bigint NOT NULL,
    order_id bigint NOT NULL,
    CONSTRAINT orders_orderitem_quantity_check CHECK ((quantity >= 0))
);


ALTER TABLE public.orders_orderitem OWNER TO postgres;

--
-- Name: orders_orderitem_id_seq; Type: SEQUENCE; Schema: public; Owner: postgres
--

ALTER TABLE public.orders_orderitem ALTER COLUMN id ADD GENERATED BY DEFAULT AS IDENTITY (
    SEQUENCE NAME public.orders_orderitem_id_seq
    START WITH 1
    INCREMENT BY 1
    NO MINVALUE
    NO MAXVALUE
    CACHE 1
);


--
-- Name: orders_payment; Type: TABLE; Schema: public; Owner: postgres
--

CREATE TABLE public.orders_payment (
    id bigint NOT NULL,
    amount numeric(10,2) NOT NULL,
    status character varying(10) NOT NULL,
    created_at timestamp with time zone NOT NULL,
    updated_at timestamp with time zone NOT NULL,
    order_id bigint NOT NULL
);


ALTER TABLE public.orders_payment OWNER TO postgres;

--
-- Name: orders_payment_id_seq; Type: SEQUENCE; Schema: public; Owner: postgres
--

ALTER TABLE public.orders_payment ALTER COLUMN id ADD GENERATED BY DEFAULT AS IDENTITY (
    SEQUENCE NAME public.orders_payment_id_seq
    START WITH 1
    INCREMENT BY 1
    NO MINVALUE
    NO MAXVALUE
    CACHE 1
);


--
-- Name: users_adminactivitylog; Type: TABLE; Schema: public; Owner: postgres
--

CREATE TABLE public.users_adminactivitylog (
    id bigint NOT NULL,
    action character varying(255) NOT NULL,
    details text NOT NULL,
    "timestamp" timestamp with time zone NOT NULL,
    admin_id bigint NOT NULL
);


ALTER TABLE public.users_adminactivitylog OWNER TO postgres;

--
-- Name: users_adminactivitylog_id_seq; Type: SEQUENCE; Schema: public; Owner: postgres
--

ALTER TABLE public.users_adminactivitylog ALTER COLUMN id ADD GENERATED BY DEFAULT AS IDENTITY (
    SEQUENCE NAME public.users_adminactivitylog_id_seq
    START WITH 1
    INCREMENT BY 1
    NO MINVALUE
    NO MAXVALUE
    CACHE 1
);


--
-- Name: users_adminprofile; Type: TABLE; Schema: public; Owner: postgres
--

CREATE TABLE public.users_adminprofile (
    id bigint NOT NULL,
    admin_id uuid NOT NULL,
    role_level character varying(50) NOT NULL,
    user_id bigint NOT NULL
);


ALTER TABLE public.users_adminprofile OWNER TO postgres;

--
-- Name: users_adminprofile_id_seq; Type: SEQUENCE; Schema: public; Owner: postgres
--

ALTER TABLE public.users_adminprofile ALTER COLUMN id ADD GENERATED BY DEFAULT AS IDENTITY (
    SEQUENCE NAME public.users_adminprofile_id_seq
    START WITH 1
    INCREMENT BY 1
    NO MINVALUE
    NO MAXVALUE
    CACHE 1
);


--
-- Name: users_canteenmanagerprofile; Type: TABLE; Schema: public; Owner: postgres
--

CREATE TABLE public.users_canteenmanagerprofile (
    id bigint NOT NULL,
    manager_id uuid NOT NULL,
    contact_details character varying(500) NOT NULL,
    wallet_balance numeric(10,2) NOT NULL,
    wallet_pin_hash character varying(128) NOT NULL,
    user_id bigint NOT NULL
);


ALTER TABLE public.users_canteenmanagerprofile OWNER TO postgres;

--
-- Name: users_canteenmanagerprofile_id_seq; Type: SEQUENCE; Schema: public; Owner: postgres
--

ALTER TABLE public.users_canteenmanagerprofile ALTER COLUMN id ADD GENERATED BY DEFAULT AS IDENTITY (
    SEQUENCE NAME public.users_canteenmanagerprofile_id_seq
    START WITH 1
    INCREMENT BY 1
    NO MINVALUE
    NO MAXVALUE
    CACHE 1
);


--
-- Name: users_customerprofile; Type: TABLE; Schema: public; Owner: postgres
--

CREATE TABLE public.users_customerprofile (
    id bigint NOT NULL,
    name character varying(255) NOT NULL,
    phone character varying(20) NOT NULL,
    wallet_balance numeric(10,2) NOT NULL,
    wallet_pin_hash character varying(128) NOT NULL,
    user_id bigint NOT NULL
);


ALTER TABLE public.users_customerprofile OWNER TO postgres;

--
-- Name: users_customerprofile_favorite_dishes; Type: TABLE; Schema: public; Owner: postgres
--

CREATE TABLE public.users_customerprofile_favorite_dishes (
    id bigint NOT NULL,
    customerprofile_id bigint NOT NULL,
    dish_id bigint NOT NULL
);


ALTER TABLE public.users_customerprofile_favorite_dishes OWNER TO postgres;

--
-- Name: users_customerprofile_favorite_dishes_id_seq; Type: SEQUENCE; Schema: public; Owner: postgres
--

ALTER TABLE public.users_customerprofile_favorite_dishes ALTER COLUMN id ADD GENERATED BY DEFAULT AS IDENTITY (
    SEQUENCE NAME public.users_customerprofile_favorite_dishes_id_seq
    START WITH 1
    INCREMENT BY 1
    NO MINVALUE
    NO MAXVALUE
    CACHE 1
);


--
-- Name: users_customerprofile_id_seq; Type: SEQUENCE; Schema: public; Owner: postgres
--

ALTER TABLE public.users_customerprofile ALTER COLUMN id ADD GENERATED BY DEFAULT AS IDENTITY (
    SEQUENCE NAME public.users_customerprofile_id_seq
    START WITH 1
    INCREMENT BY 1
    NO MINVALUE
    NO MAXVALUE
    CACHE 1
);


--
-- Name: users_otpverification; Type: TABLE; Schema: public; Owner: postgres
--

CREATE TABLE public.users_otpverification (
    id bigint NOT NULL,
    email character varying(254) NOT NULL,
    otp character varying(6) NOT NULL,
    created_at timestamp with time zone NOT NULL,
    is_used boolean NOT NULL,
    name character varying(255) NOT NULL,
    password_hash character varying(128) NOT NULL,
    role character varying(10) NOT NULL
);


ALTER TABLE public.users_otpverification OWNER TO postgres;

--
-- Name: users_otpverification_id_seq; Type: SEQUENCE; Schema: public; Owner: postgres
--

ALTER TABLE public.users_otpverification ALTER COLUMN id ADD GENERATED BY DEFAULT AS IDENTITY (
    SEQUENCE NAME public.users_otpverification_id_seq
    START WITH 1
    INCREMENT BY 1
    NO MINVALUE
    NO MAXVALUE
    CACHE 1
);


--
-- Name: users_pendingmanagerregistration; Type: TABLE; Schema: public; Owner: postgres
--

CREATE TABLE public.users_pendingmanagerregistration (
    id bigint NOT NULL,
    email character varying(254) NOT NULL,
    password_hash character varying(128) NOT NULL,
    name character varying(255) NOT NULL,
    status character varying(10) NOT NULL,
    rejection_reason text NOT NULL,
    created_at timestamp with time zone NOT NULL
);


ALTER TABLE public.users_pendingmanagerregistration OWNER TO postgres;

--
-- Name: users_pendingmanagerregistration_id_seq; Type: SEQUENCE; Schema: public; Owner: postgres
--

ALTER TABLE public.users_pendingmanagerregistration ALTER COLUMN id ADD GENERATED BY DEFAULT AS IDENTITY (
    SEQUENCE NAME public.users_pendingmanagerregistration_id_seq
    START WITH 1
    INCREMENT BY 1
    NO MINVALUE
    NO MAXVALUE
    CACHE 1
);


--
-- Name: users_user; Type: TABLE; Schema: public; Owner: postgres
--

CREATE TABLE public.users_user (
    id bigint NOT NULL,
    password character varying(128) NOT NULL,
    last_login timestamp with time zone,
    is_superuser boolean NOT NULL,
    email character varying(254) NOT NULL,
    role character varying(10) NOT NULL,
    is_suspended boolean NOT NULL,
    is_active boolean NOT NULL,
    is_staff boolean NOT NULL,
    is_verified boolean NOT NULL,
    created_at timestamp with time zone NOT NULL,
    updated_at timestamp with time zone NOT NULL
);


ALTER TABLE public.users_user OWNER TO postgres;

--
-- Name: users_user_groups; Type: TABLE; Schema: public; Owner: postgres
--

CREATE TABLE public.users_user_groups (
    id bigint NOT NULL,
    user_id bigint NOT NULL,
    group_id integer NOT NULL
);


ALTER TABLE public.users_user_groups OWNER TO postgres;

--
-- Name: users_user_groups_id_seq; Type: SEQUENCE; Schema: public; Owner: postgres
--

ALTER TABLE public.users_user_groups ALTER COLUMN id ADD GENERATED BY DEFAULT AS IDENTITY (
    SEQUENCE NAME public.users_user_groups_id_seq
    START WITH 1
    INCREMENT BY 1
    NO MINVALUE
    NO MAXVALUE
    CACHE 1
);


--
-- Name: users_user_id_seq; Type: SEQUENCE; Schema: public; Owner: postgres
--

ALTER TABLE public.users_user ALTER COLUMN id ADD GENERATED BY DEFAULT AS IDENTITY (
    SEQUENCE NAME public.users_user_id_seq
    START WITH 1
    INCREMENT BY 1
    NO MINVALUE
    NO MAXVALUE
    CACHE 1
);


--
-- Name: users_user_user_permissions; Type: TABLE; Schema: public; Owner: postgres
--

CREATE TABLE public.users_user_user_permissions (
    id bigint NOT NULL,
    user_id bigint NOT NULL,
    permission_id integer NOT NULL
);


ALTER TABLE public.users_user_user_permissions OWNER TO postgres;

--
-- Name: users_user_user_permissions_id_seq; Type: SEQUENCE; Schema: public; Owner: postgres
--

ALTER TABLE public.users_user_user_permissions ALTER COLUMN id ADD GENERATED BY DEFAULT AS IDENTITY (
    SEQUENCE NAME public.users_user_user_permissions_id_seq
    START WITH 1
    INCREMENT BY 1
    NO MINVALUE
    NO MAXVALUE
    CACHE 1
);


--
-- Data for Name: auth_group; Type: TABLE DATA; Schema: public; Owner: postgres
--

COPY public.auth_group (id, name) FROM stdin;
\.


--
-- Data for Name: auth_group_permissions; Type: TABLE DATA; Schema: public; Owner: postgres
--

COPY public.auth_group_permissions (id, group_id, permission_id) FROM stdin;
\.


--
-- Data for Name: auth_permission; Type: TABLE DATA; Schema: public; Owner: postgres
--

COPY public.auth_permission (id, name, content_type_id, codename) FROM stdin;
1	Can add log entry	1	add_logentry
2	Can change log entry	1	change_logentry
3	Can delete log entry	1	delete_logentry
4	Can view log entry	1	view_logentry
5	Can add permission	2	add_permission
6	Can change permission	2	change_permission
7	Can delete permission	2	delete_permission
8	Can view permission	2	view_permission
9	Can add group	3	add_group
10	Can change group	3	change_group
11	Can delete group	3	delete_group
12	Can view group	3	view_group
13	Can add content type	4	add_contenttype
14	Can change content type	4	change_contenttype
15	Can delete content type	4	delete_contenttype
16	Can view content type	4	view_contenttype
17	Can add session	5	add_session
18	Can change session	5	change_session
19	Can delete session	5	delete_session
20	Can view session	5	view_session
21	Can add User	6	add_user
22	Can change User	6	change_user
23	Can delete User	6	delete_user
24	Can view User	6	view_user
25	Can add customer profile	7	add_customerprofile
26	Can change customer profile	7	change_customerprofile
27	Can delete customer profile	7	delete_customerprofile
28	Can view customer profile	7	view_customerprofile
29	Can add canteen manager profile	8	add_canteenmanagerprofile
30	Can change canteen manager profile	8	change_canteenmanagerprofile
31	Can delete canteen manager profile	8	delete_canteenmanagerprofile
32	Can view canteen manager profile	8	view_canteenmanagerprofile
33	Can add admin profile	9	add_adminprofile
34	Can change admin profile	9	change_adminprofile
35	Can delete admin profile	9	delete_adminprofile
36	Can view admin profile	9	view_adminprofile
37	Can add admin activity log	10	add_adminactivitylog
38	Can change admin activity log	10	change_adminactivitylog
39	Can delete admin activity log	10	delete_adminactivitylog
40	Can view admin activity log	10	view_adminactivitylog
41	Can add otp verification	11	add_otpverification
42	Can change otp verification	11	change_otpverification
43	Can delete otp verification	11	delete_otpverification
44	Can view otp verification	11	view_otpverification
45	Can add canteen	12	add_canteen
46	Can change canteen	12	change_canteen
47	Can delete canteen	12	delete_canteen
48	Can view canteen	12	view_canteen
49	Can add canteen holiday	13	add_canteenholiday
50	Can change canteen holiday	13	change_canteenholiday
51	Can delete canteen holiday	13	delete_canteenholiday
52	Can view canteen holiday	13	view_canteenholiday
53	Can add dish	14	add_dish
54	Can change dish	14	change_dish
55	Can delete dish	14	delete_dish
56	Can view dish	14	view_dish
57	Can add dish rating	15	add_dishrating
58	Can change dish rating	15	change_dishrating
59	Can delete dish rating	15	delete_dishrating
60	Can view dish rating	15	view_dishrating
61	Can add order	16	add_order
62	Can change order	16	change_order
63	Can delete order	16	delete_order
64	Can view order	16	view_order
65	Can add order item	17	add_orderitem
66	Can change order item	17	change_orderitem
67	Can delete order item	17	delete_orderitem
68	Can view order item	17	view_orderitem
69	Can add payment	18	add_payment
70	Can change payment	18	change_payment
71	Can delete payment	18	delete_payment
72	Can view payment	18	view_payment
73	Can add cake reservation	19	add_cakereservation
74	Can change cake reservation	19	change_cakereservation
75	Can delete cake reservation	19	delete_cakereservation
76	Can view cake reservation	19	view_cakereservation
77	Can add pending manager registration	20	add_pendingmanagerregistration
78	Can change pending manager registration	20	change_pendingmanagerregistration
79	Can delete pending manager registration	20	delete_pendingmanagerregistration
80	Can view pending manager registration	20	view_pendingmanagerregistration
\.


--
-- Data for Name: cakes_cakereservation; Type: TABLE DATA; Schema: public; Owner: postgres
--

COPY public.cakes_cakereservation (id, flavor, size, design, message, pickup_date, pickup_time, advance_amount, status, rejection_reason, created_at, updated_at, canteen_id, customer_id) FROM stdin;
1	Chocolate	1kg	Round with sprinkles	Happy Birthday Rahul!	2026-03-20	14:00:00	200.00	CONFIRMED		2026-03-24 01:02:33.692936+05:30	2026-03-24 01:03:12.293683+05:30	1	1
2	Vanilla	0.5kg		Congratulations!	2026-03-25	16:00:00	150.00	COMPLETED		2026-03-24 01:02:33.693774+05:30	2026-03-24 01:03:12.331355+05:30	1	2
3	Vanilla	1 kg			2026-03-26	16:44:00	600.00	PENDING_APPROVAL		2026-03-25 15:45:27.178143+05:30	2026-03-25 15:45:27.178167+05:30	1	5
4	Red Velvet	1 kg			2026-04-23	06:29:00	600.00	PENDING_APPROVAL		2026-03-25 19:30:47.00487+05:30	2026-03-25 19:30:47.00489+05:30	1	5
5	Strawberry	1 kg			2026-04-27	06:51:00	600.00	PENDING_APPROVAL		2026-03-25 19:52:03.555339+05:30	2026-03-25 19:52:03.555348+05:30	1	5
\.


--
-- Data for Name: canteens_canteen; Type: TABLE DATA; Schema: public; Owner: postgres
--

COPY public.canteens_canteen (id, name, location, opening_time, closing_time, lead_time_config, status, rejection_reason, created_at, updated_at, manager_id, image) FROM stdin;
2	New Cafe	Academic Area, IIT Kanpur	09:00:00	21:00:00	8	ACTIVE		2026-03-24 01:02:33.671052+05:30	2026-03-24 01:03:12.431302+05:30	2	
1	Hall 5 Canteen	Hall 5, IIT Kanpur	08:00:00	22:00:00	6	OPEN		2026-03-24 01:02:33.669688+05:30	2026-03-24 01:03:17.625069+05:30	1	
\.


--
-- Data for Name: canteens_canteenholiday; Type: TABLE DATA; Schema: public; Owner: postgres
--

COPY public.canteens_canteenholiday (id, date, description, canteen_id) FROM stdin;
3	2026-12-25	Christmas Day	1
\.


--
-- Data for Name: canteens_dish; Type: TABLE DATA; Schema: public; Owner: postgres
--

COPY public.canteens_dish (id, name, price, description, is_available, photo, rating, category, created_at, updated_at, canteen_id, is_veg) FROM stdin;
1	Paneer Butter Masala	120.00	Rich and creamy paneer in butter tomato gravy	t		4.50	Main Course	2026-03-24 01:02:33.673991+05:30	2026-03-24 01:02:33.673997+05:30	1	t
2	Masala Dosa	60.00	Crispy dosa with potato filling	t		3.00	South Indian	2026-03-24 01:02:33.67489+05:30	2026-03-24 01:02:33.674896+05:30	1	t
3	Cold Coffee	40.00	Chilled coffee with ice cream	t		1.00	Beverages	2026-03-24 01:02:33.675549+05:30	2026-03-24 01:02:33.675555+05:30	1	t
4	Veg Biryani	90.00	Fragrant rice with mixed vegetables	t		2.33	Rice	2026-03-24 01:02:33.676403+05:30	2026-03-24 01:02:33.676409+05:30	1	t
\.


--
-- Data for Name: canteens_dishrating; Type: TABLE DATA; Schema: public; Owner: postgres
--

COPY public.canteens_dishrating (id, rating, created_at, customer_id, dish_id, order_id) FROM stdin;
1	5	2026-03-24 01:03:20.924712+05:30	1	2	2
2	1	2026-03-25 15:09:08.730436+05:30	5	4	10
3	2	2026-03-25 15:09:13.92543+05:30	5	4	9
4	1	2026-03-25 15:09:20.662147+05:30	5	2	8
5	1	2026-03-25 15:09:20.677784+05:30	5	3	8
6	4	2026-03-25 19:53:03.484986+05:30	5	4	13
\.


--
-- Data for Name: django_admin_log; Type: TABLE DATA; Schema: public; Owner: postgres
--

COPY public.django_admin_log (id, action_time, object_id, object_repr, action_flag, change_message, content_type_id, user_id) FROM stdin;
\.


--
-- Data for Name: django_content_type; Type: TABLE DATA; Schema: public; Owner: postgres
--

COPY public.django_content_type (id, app_label, model) FROM stdin;
1	admin	logentry
2	auth	permission
3	auth	group
4	contenttypes	contenttype
5	sessions	session
6	users	user
7	users	customerprofile
8	users	canteenmanagerprofile
9	users	adminprofile
10	users	adminactivitylog
11	users	otpverification
12	canteens	canteen
13	canteens	canteenholiday
14	canteens	dish
15	canteens	dishrating
16	orders	order
17	orders	orderitem
18	orders	payment
19	cakes	cakereservation
20	users	pendingmanagerregistration
\.


--
-- Data for Name: django_migrations; Type: TABLE DATA; Schema: public; Owner: postgres
--

COPY public.django_migrations (id, app, name, applied) FROM stdin;
1	canteens	0001_initial	2026-03-23 23:21:59.336851+05:30
2	contenttypes	0001_initial	2026-03-23 23:21:59.344662+05:30
3	contenttypes	0002_remove_content_type_name	2026-03-23 23:21:59.353728+05:30
4	auth	0001_initial	2026-03-23 23:21:59.386985+05:30
5	auth	0002_alter_permission_name_max_length	2026-03-23 23:21:59.39269+05:30
6	auth	0003_alter_user_email_max_length	2026-03-23 23:21:59.399216+05:30
7	auth	0004_alter_user_username_opts	2026-03-23 23:21:59.405798+05:30
8	auth	0005_alter_user_last_login_null	2026-03-23 23:21:59.414635+05:30
9	auth	0006_require_contenttypes_0002	2026-03-23 23:21:59.416987+05:30
10	auth	0007_alter_validators_add_error_messages	2026-03-23 23:21:59.426097+05:30
11	auth	0008_alter_user_username_max_length	2026-03-23 23:21:59.434927+05:30
12	auth	0009_alter_user_last_name_max_length	2026-03-23 23:21:59.444591+05:30
13	auth	0010_alter_group_name_max_length	2026-03-23 23:21:59.455229+05:30
14	auth	0011_update_proxy_permissions	2026-03-23 23:21:59.470173+05:30
15	auth	0012_alter_user_first_name_max_length	2026-03-23 23:21:59.478644+05:30
16	users	0001_initial	2026-03-23 23:21:59.605895+05:30
17	admin	0001_initial	2026-03-23 23:21:59.63118+05:30
18	admin	0002_logentry_remove_auto_add	2026-03-23 23:21:59.644874+05:30
19	admin	0003_logentry_add_action_flag_choices	2026-03-23 23:21:59.656137+05:30
20	cakes	0001_initial	2026-03-23 23:21:59.664898+05:30
21	cakes	0002_initial	2026-03-23 23:21:59.673718+05:30
22	cakes	0003_initial	2026-03-23 23:21:59.693201+05:30
23	canteens	0002_initial	2026-03-23 23:21:59.788077+05:30
24	canteens	0003_remove_canteen_documents_canteen_aadhar_card_and_more	2026-03-23 23:21:59.826367+05:30
25	canteens	0003_dish_is_veg	2026-03-23 23:21:59.837016+05:30
26	canteens	0004_merge_20260323_0158	2026-03-23 23:21:59.838415+05:30
27	orders	0001_initial	2026-03-23 23:21:59.873568+05:30
28	orders	0002_initial	2026-03-23 23:21:59.946664+05:30
29	orders	0003_order_reject_reason_alter_order_status	2026-03-23 23:21:59.972963+05:30
30	orders	0004_order_cancel_rejection_reason_alter_order_status	2026-03-23 23:22:00.034574+05:30
31	orders	0005_order_is_rated	2026-03-23 23:22:00.051367+05:30
32	sessions	0001_initial	2026-03-23 23:22:00.062103+05:30
33	users	0002_otpverification_name_otpverification_password_hash_and_more	2026-03-23 23:22:00.073723+05:30
34	canteens	0005_dishrating_delete_dishreview	2026-03-24 00:55:28.773422+05:30
35	canteens	0006_remove_aadhar_and_hall_form_columns	2026-03-24 16:18:43.911794+05:30
36	administration	0001_initial	2026-03-24 20:30:17.019177+05:30
37	administration	0002_remove_notification_admin_delete_flaggedcontent_and_more	2026-03-24 20:30:17.041072+05:30
38	canteens	0007_remove_dish_discount	2026-03-24 20:30:17.048919+05:30
39	orders	0006_order_customer_name_order_roll_no	2026-03-24 20:30:17.068066+05:30
40	users	0003_pendingmanagerregistration	2026-03-24 20:30:17.075686+05:30
\.


--
-- Data for Name: django_session; Type: TABLE DATA; Schema: public; Owner: postgres
--

COPY public.django_session (session_key, session_data, expire_date) FROM stdin;
8hq4cr62my92lk5zidc1epu01hd1u15x	.eJxVjMEOwiAQBf-FsyFAXSg9evcbCF0Wixow0CYa47_bJj3odWbeezPnl3lyS6PqUmADU-zwy0aPN8qbCFefL4VjyXNNI98SvtvGzyXQ_bS3fweTb9O6ttr2AaBDFYUmiVpTADQGwEQpYwd4VLJHND0FpaQUJCTQaFcINgJsp41aSyU7ej5SfbFBfL5fND4y:1w4l1S:SX-FlNb5VqqQSQvuOcMIEF0JVXT3-saZ46sUduwhiAs	2026-04-24 01:03:10.469144+05:30
ofcis8qa5518xbgm71o4m7bkvu9r3zrv	.eJxVjDEOwjAMRe-SGUW1Q-LCyN4zRI5taAG1UtNOiLtDpQ6w_vfef7nM69LntdqcB3VnB-AOv2Nhedi4Eb3zeJu8TOMyD8Vvit9p9d2k9rzs7t9Bz7X_1iSNKnNIFoyYqQW-xpMmblsQRiPC2JRjwqSk0kREQJBioEKxhOLeHx8mOHo:1w5Nol:23F_2Ca6hV6mOfIxUupsSmyBI4mKjCwRyTA3O-FfUds	2026-04-25 18:28:39.301477+05:30
7d5b60w2xvt6g4vx93fqfb2apr8hdute	.eJxVjEEOwiAQRe_C2pApbZXp0r1nIDAMFjXQQJtojHc3JF3o9r_331sYu62z2SoXE72YxCgOv5uzdOfUgL_ZdM2SclpLdLIpcqdVXrLnx3l3_wKzrXN791oFYHZDp8Fr0KMKDjvqcAQ6KXQeGSBoUmQ1e0TuIRwJ0QUGO3CLVq415mT4ucTyEhN8vptpP7A:1w4l1S:U82_X7qDljHyOzHdQOgAHeinsQRmqWz-OACcdSyBk_o	2026-04-24 01:03:10.972868+05:30
wdes79qfdd4wfkclwptpy41c8zd73im4	.eJxVjEEOwiAQRe_C2hCGCtQu3XsGMsyMFjVgSptojHfXJi50-9_776kiLvMYlyZTzKwGBaA2v2NCukhZCZ-xnKqmWuYpJ70q-kubPlSW6_7r_gVGbOPnHcgwI3ZeOgmIoQc8uh177HsgtBKCdSZtvfUcmIyzFixQEmAKLnVpjTZpLdcS5X7L00MN5vUG0vU_tw:1w5Nqn:eFppC6d70yoEPLf219881Jr_o6wz9CX2EPJGukRJztw	2026-04-25 18:30:45.764305+05:30
dvinjqe305wl5i51vaagnktxlq5nofn2	.eJxVjMsOwiAQAP-FsyH0wQI9evcbyLKsFjVgSptojP9uSHrQ68xk3sLjts5-q7z4FMUkBnH4ZQHpxrmJeMV8KZJKXpcUZEvkbqs8lcj3497-DWasc9uSA2JLbjTRuvMAI2t2jNCjNiN2QCZ0WvURNUE0xqJTFgNoBWroANu0cq2pZM_PR1peYlKfL4ZtPsE:1w4l1Z:3pIl2us9dNe8Lsc1rY9BjadJr6twd-pnK5EI4Db9UdA	2026-04-24 01:03:17.882467+05:30
thmegoy5pq4f30k2122w72ibawwrosjx	.eJxVjEEOwiAQRe_C2hCGCtQu3XsGMsyMFjVgSptojHfXJi50-9_776kiLvMYlyZTzKwGBaA2v2NCukhZCZ-xnKqmWuYpJ70q-kubPlSW6_7r_gVGbOPnHcgwI3ZeOgmIoQc8uh177HsgtBKCdSZtvfUcmIyzFixQEmAKLnVpjTZpLdcS5X7L00MN5vUG0vU_tw:1w5Nqq:m5yQGByuk9ysbsZof6vbWVouqHnmJGXHbrwr7p4Nilg	2026-04-25 18:30:48.12234+05:30
iw6hai6zlh31u2k6dwwyiu25gprvf2d1	.eJxVjMsOwiAQRf-FtSFgh1eX7v0GMsDUogZMaRON8d9tky50e8-55808LvPol0aTz4n1DNjhdwsYb1Q2kK5YLpXHWuYpB74pfKeNn2ui-2l3_wIjtnF9owQtowsSIBLQgAEMJKsNqjBYsitXDgwKPUgUwYgjddp2SkQwylm3RRu1lmvx9Hzk6cV68fkCgmk-ig:1w4l1a:OGK_rWRALpCasDFTH_remEVXKHw2jt-9puYMSOlwRr8	2026-04-24 01:03:18.627605+05:30
kqov3nqs8eqv5d2d8kg784cumuvc617c	.eJxVjMsOwiAQRf-FtSGAHR5duvcbCB0GixowpU00xn-3TbrQ7Tnn3jfzYZlHvzSafI6sZ4odftkQ8EZlE_EayqVyrGWe8sC3hO-28XONdD_t7d_BGNq4rp12NgIcUSWhSaLWFAGNATBJynQE7JS0iMZSVEpKQUICDW6F4BLAdtqotVyLp-cjTy_WK21sJ8TnC9ctP20:1w4l1b:nDJVyF-l-yeV0YdXcsYR2bCX1JeUZRd80PvCkFQA20Y	2026-04-24 01:03:19.466863+05:30
4h4hckmosc88hiwi26b19ug4o7iyq700	.eJxVjEEOwiAQRe_C2hCGCtQu3XsGMsyMFjVgSptojHfXJi50-9_776kiLvMYlyZTzKwGBaA2v2NCukhZCZ-xnKqmWuYpJ70q-kubPlSW6_7r_gVGbOPnHcgwI3ZeOgmIoQc8uh177HsgtBKCdSZtvfUcmIyzFixQEmAKLnVpjTZpLdcS5X7L00MN5vUG0vU_tw:1w5Nqq:m5yQGByuk9ysbsZof6vbWVouqHnmJGXHbrwr7p4Nilg	2026-04-25 18:30:48.942865+05:30
ok9iqlr498lezqvaesjyr9864nk5erhm	.eJxVjMEOwiAQBf-FsyFAXSg9evcbCF0Wixow0CYa47_bJj3odWbeezPnl3lyS6PqUmADU-zwy0aPN8qbCFefL4VjyXNNI98SvtvGzyXQ_bS3fweTb9O6ttr2AaBDFYUmiVpTADQGwEQpYwd4VLJHND0FpaQUJCTQaFcINgJsp41aSyU7ej5SfbFBfL5fND4y:1w4l1b:CICUWaEDVz1_6nV-zOM88swZg5zYt6DsqO9RDFSUXck	2026-04-24 01:03:19.846883+05:30
3j60tj33jdqhep1w6xe7c6xhyqkbail6	.eJxVjEEOwiAQRe_C2hCGCtQu3XsGMsyMFjVgSptojHfXJi50-9_776kiLvMYlyZTzKwGBaA2v2NCukhZCZ-xnKqmWuYpJ70q-kubPlSW6_7r_gVGbOPnHcgwI3ZeOgmIoQc8uh177HsgtBKCdSZtvfUcmIyzFixQEmAKLnVpjTZpLdcS5X7L00MN5vUG0vU_tw:1w5Nqr:lL26NAbSMwKUvmlgH9hGRyjO6BhlA6njIuQD14MvrsQ	2026-04-25 18:30:49.124631+05:30
bkstk26op1w953fe7u3piohe0hjzhrgc	.eJxVjEEOwiAQRe_C2hCGCtQu3XsGMsyMFjVgSptojHfXJi50-9_776kiLvMYlyZTzKwGBaA2v2NCukhZCZ-xnKqmWuYpJ70q-kubPlSW6_7r_gVGbOPnHcgwI3ZeOgmIoQc8uh177HsgtBKCdSZtvfUcmIyzFixQEmAKLnVpjTZpLdcS5X7L00MN5vUG0vU_tw:1w5NsE:EbHhqJPElsvuMeq-n6IygEyokp9iP61Wap5CT9fnkXY	2026-04-25 18:32:14.762047+05:30
mffx9ah3w98vddoopatezwga53cd95oc	.eJxVjMEOwiAQBf-FsyFAXSg9evcbCF0Wixow0CYa47_bJj3odWbeezPnl3lyS6PqUmADU-zwy0aPN8qbCFefL4VjyXNNI98SvtvGzyXQ_bS3fweTb9O6ttr2AaBDFYUmiVpTADQGwEQpYwd4VLJHND0FpaQUJCTQaFcINgJsp41aSyU7ej5SfbFBfL5fND4y:1w4l1d:ahDteMCSI7QfeymAut8cTQVLI0EEqm1TLvDAitG6RPw	2026-04-24 01:03:21.771705+05:30
ahbr59q8kr99u7od80nmryvozfq3roee	.eJxVjEEOwiAQRe_C2hCGCtQu3XsGMsyMFjVgSptojHfXJi50-9_776kiLvMYlyZTzKwGBaA2v2NCukhZCZ-xnKqmWuYpJ70q-kubPlSW6_7r_gVGbOPnHcgwI3ZeOgmIoQc8uh177HsgtBKCdSZtvfUcmIyzFixQEmAKLnVpjTZpLdcS5X7L00MN5vUG0vU_tw:1w5NsL:5lj7Mdka8W-ilOGj0JNQzfod1Bn6UKIRVqCGUYNE3vQ	2026-04-25 18:32:21.61369+05:30
5t2guxthe7ggtmnc3ag2wr7a8fb0ast8	.eJxVjEEOwiAQRe_C2pApbZXp0r1nIDAMFjXQQJtojHc3JF3o9r_331sYu62z2SoXE72YxCgOv5uzdOfUgL_ZdM2SclpLdLIpcqdVXrLnx3l3_wKzrXN791oFYHZDp8Fr0KMKDjvqcAQ6KXQeGSBoUmQ1e0TuIRwJ0QUGO3CLVq415mT4ucTyEhN8vptpP7A:1w4l1e:yIsydr2JsAEtISkzOTwWAXOUruwOTxsKAAmK6QWyHak	2026-04-24 01:03:22.025521+05:30
rc5rdwr5wszgr6sb6rdj5amv8lebxm1l	.eJxVjEEOwiAURO_C2pAPLUi7dO8ZyAc-FjVgoE00xrvbJl3oapKZN-_NLC7zZJdG1abARibY4bdz6G-UtyFcMV8K9yXPNTm-IXxfGz-XQPfTzv4JJmzT-sbBu2OkXsnotRbOSKGDIdAqSEIA0kNcw4jgBcqOzOC6DqSKPWBEMpu0UWupZEvPR6ovNsLnC51HP10:1w4l1e:NoWujkt-kiMunmRFOz6TdoElOxlEPeveRUIV4Vi9K7k	2026-04-24 01:03:22.279304+05:30
6hz5hrhi3jqrg8sholn1ykmnc5c9qk6l	.eJxVjEEOwiAQRe_C2hCGCtQu3XsGMsyMFjVgSptojHfXJi50-9_776kiLvMYlyZTzKwGBaA2v2NCukhZCZ-xnKqmWuYpJ70q-kubPlSW6_7r_gVGbOPnHcgwI3ZeOgmIoQc8uh177HsgtBKCdSZtvfUcmIyzFixQEmAKLnVpjTZpLdcS5X7L00MN5vUG0vU_tw:1w5NtQ:1ZOlU5aS2rS51x_TCo1U7AiveyQ5fp4Ru_5ODeJ1O7o	2026-04-25 18:33:28.488527+05:30
fwc9t8frt0cpsyppd403hueg07dmzrsp	.eJxVjMEOwiAQBf-FsyFAXSg9evcbCF0Wixow0CYa47_bJj3odWbeezPnl3lyS6PqUmADU-zwy0aPN8qbCFefL4VjyXNNI98SvtvGzyXQ_bS3fweTb9O6ttr2AaBDFYUmiVpTADQGwEQpYwd4VLJHND0FpaQUJCTQaFcINgJsp41aSyU7ej5SfbFBfL5fND4y:1w58lD:YGds6_4QTHLF9C7WKG-JSsN18L_gDKO1bJbve5J_v34	2026-04-25 02:23:59.529999+05:30
t30vf9q7ik8f32cbroekl50kk9nhfzsf	.eJxVjMEOwiAQBf-FsyFAXSg9evcbCF0Wixow0CYa47_bJj3odWbeezPnl3lyS6PqUmADU-zwy0aPN8qbCFefL4VjyXNNI98SvtvGzyXQ_bS3fweTb9O6ttr2AaBDFYUmiVpTADQGwEQpYwd4VLJHND0FpaQUJCTQaFcINgJsp41aSyU7ej5SfbFBfL5fND4y:1w5FYE:7tCA3x73XaI09pXtx0vRpdSnSmiiZMjFNdQYP01Q8nw	2026-04-25 09:39:02.951488+05:30
e832pbi1seyz44yffbcx2983suk6ouqj	.eJxVjMEOwiAQBf-FsyFAXSg9evcbCF0Wixow0CYa47_bJj3odWbeezPnl3lyS6PqUmADU-zwy0aPN8qbCFefL4VjyXNNI98SvtvGzyXQ_bS3fweTb9O6ttr2AaBDFYUmiVpTADQGwEQpYwd4VLJHND0FpaQUJCTQaFcINgJsp41aSyU7ej5SfbFBfL5fND4y:1w5Fai:FOfcS90CKCXN17tD0fOgMqG3o0Z4WnkELDcF2-kvpgM	2026-04-25 09:41:36.147954+05:30
h1ayyw8i4qix6uvajb7no8fmqzmxj5iu	.eJxVjMEOwiAQBf-FsyFAXSg9evcbCF0Wixow0CYa47_bJj3odWbeezPnl3lyS6PqUmADU-zwy0aPN8qbCFefL4VjyXNNI98SvtvGzyXQ_bS3fweTb9O6ttr2AaBDFYUmiVpTADQGwEQpYwd4VLJHND0FpaQUJCTQaFcINgJsp41aSyU7ej5SfbFBfL5fND4y:1w5G3O:uJGx_9G-9BKHirjkWHTyPPuye5vP39_UZzukFlKozZo	2026-04-25 10:11:14.576735+05:30
l2hwkkn15cajil43xjvlfgporzx6a4ca	.eJxVjMsOwiAUBf-FtSF9IFCX7v0GcrkcLGrAlDbRGP9dm3Sh2zNz5iUcLfPolorJpSAOword7-aJr8grCBfK5yK55HlKXq6K3GiVpxJwO27uX2CkOn7fxnqNqNlAs2XCQLExKnq0MNpST4MybVAYYNvYQ1kovyfPfWdCh4bXaEWtqWSHxz1NT3Fo3h_VpUBN:1w5NnD:UbxwfkLaH1OxVvyRYg8qWlnS-sUOPFZSDhfKVfuzOGs	2026-04-25 18:27:03.474959+05:30
xwq8hyehypcn8yv1fvwwo7fo9dvm9plh	.eJxVjMsOwiAUBf-FtSF9IFCX7v0GcrkcLGrAlDbRGP9dm3Sh2zNz5iUcLfPolorJpSAOword7-aJr8grCBfK5yK55HlKXq6K3GiVpxJwO27uX2CkOn7fxnqNqNlAs2XCQLExKnq0MNpST4MybVAYYNvYQ1kovyfPfWdCh4bXaEWtqWSHxz1NT3Fo3h_VpUBN:1w5NnR:bEJuDmObEuajrBK2HBZDxF218L4B0zoP40GxujWemw4	2026-04-25 18:27:17.163506+05:30
8iov0350d3zsojf1fhuwg4x0rimam0iz	.eJxVjEEOwiAQRe_C2hCGCtQu3XsGMsyMFjVgSptojHfXJi50-9_776kiLvMYlyZTzKwGBaA2v2NCukhZCZ-xnKqmWuYpJ70q-kubPlSW6_7r_gVGbOPnHcgwI3ZeOgmIoQc8uh177HsgtBKCdSZtvfUcmIyzFixQEmAKLnVpjTZpLdcS5X7L00MN5vUG0vU_tw:1w5Nti:V8T2zQqdRC8hWT9q_oCuWXxjD7xweLjvPdAQxeRR5jQ	2026-04-25 18:33:46.816252+05:30
arf1kfyuloof6o3kp9r2a8t8s2zzyi8f	.eJxVjMsOwiAUBf-FtSF9IFCX7v0GcrkcLGrAlDbRGP9dm3Sh2zNz5iUcLfPolorJpSAOword7-aJr8grCBfK5yK55HlKXq6K3GiVpxJwO27uX2CkOn7fxnqNqNlAs2XCQLExKnq0MNpST4MybVAYYNvYQ1kovyfPfWdCh4bXaEWtqWSHxz1NT3Fo3h_VpUBN:1w5NuC:DAoh_ekr4U8H_W5ZZKcD_ipEjm9ZfKqWBBftw2zhZoQ	2026-04-25 18:34:16.200396+05:30
6hhy4jdp7a26ejno9ppt8ol7btkm2r1t	.eJxVjMsOwiAUBf-FtSF9IFCX7v0GcrkcLGrAlDbRGP9dm3Sh2zNz5iUcLfPolorJpSAOword7-aJr8grCBfK5yK55HlKXq6K3GiVpxJwO27uX2CkOn7fxnqNqNlAs2XCQLExKnq0MNpST4MybVAYYNvYQ1kovyfPfWdCh4bXaEWtqWSHxz1NT3Fo3h_VpUBN:1w5NuW:axEl26aLmDnJkhUAxIIXAtB6pDLTRMu0ny5rdxZ02GM	2026-04-25 18:34:36.900406+05:30
qhtd8whlihqq8ftcim31vx98ly5ii4jl	.eJxVjMsOwiAUBf-FtSF9IFCX7v0GcrkcLGrAlDbRGP9dm3Sh2zNz5iUcLfPolorJpSAOword7-aJr8grCBfK5yK55HlKXq6K3GiVpxJwO27uX2CkOn7fxnqNqNlAs2XCQLExKnq0MNpST4MybVAYYNvYQ1kovyfPfWdCh4bXaEWtqWSHxz1NT3Fo3h_VpUBN:1w5NvB:R9iuEshfYGlkB9AHFV-Y80cjjItMjTG28nCJCXKvmUM	2026-04-25 18:35:17.42932+05:30
0kmit38flz09lnuvuuokw5uanl9etv4p	.eJxVjMsOwiAQRf-FtSGlLa8u3fsNhGEGixowpU00xn9Xki50cxf3nJwXc35bZ7dVWlxCNjHDDr8f-HCl3ABefD4XHkpelwS8KXynlZ8K0u24u3-B2de5ZfUgpVAUeytg_I7pxwEVakuDj4QQYg8yCEsoQaLpjBo1YOw0KCsFtWilWlPJjh73tDzZ1L0_gbg_Lg:1w5NvR:jGk3_mbfy5a9hud3x_VPpHZI25d02TZqrqdOs9LwtB8	2026-04-25 18:35:33.445166+05:30
wd6g5t4d3in350ty4ceumc3n7ixlh63x	.eJxVjEEOwiAQRe_C2pApbZXp0r1nIDAMFjXQQJtojHc3JF3o9r_331sYu62z2SoXE72YxCgOv5uzdOfUgL_ZdM2SclpLdLIpcqdVXrLnx3l3_wKzrXN791oFYHZDp8Fr0KMKDjvqcAQ6KXQeGSBoUmQ1e0TuIRwJ0QUGO3CLVq415mT4ucTyEhN8vptpP7A:1w5Nvy:LeZVy-7WE8DibfAaMnVcGwaZsd2c2GVCuBecJO9VWpI	2026-04-25 18:36:06.172076+05:30
7jafvcrkyvs5xdidvzijjuu06wh6vrk5	.eJxVjEEOwiAQRe_C2pApbZXp0r1nIDAMFjXQQJtojHc3JF3o9r_331sYu62z2SoXE72YxCgOv5uzdOfUgL_ZdM2SclpLdLIpcqdVXrLnx3l3_wKzrXN791oFYHZDp8Fr0KMKDjvqcAQ6KXQeGSBoUmQ1e0TuIRwJ0QUGO3CLVq415mT4ucTyEhN8vptpP7A:1w5Nw0:FsJ5I6S5wZNbNSByfwpClKSYMCDhF0eV5KLTgIMSv-c	2026-04-25 18:36:08.23368+05:30
wfey5buik0u885v4mof19ktqny4ayshf	.eJxVjEEOwiAQRe_C2pApbZXp0r1nIDAMFjXQQJtojHc3JF3o9r_331sYu62z2SoXE72YxCgOv5uzdOfUgL_ZdM2SclpLdLIpcqdVXrLnx3l3_wKzrXN791oFYHZDp8Fr0KMKDjvqcAQ6KXQeGSBoUmQ1e0TuIRwJ0QUGO3CLVq415mT4ucTyEhN8vptpP7A:1w5Nx4:sSPM6dPMRC9TZrwK2eKKSfZWpXj4rigqjPBS4hAf4yA	2026-04-25 18:37:14.111452+05:30
ezwiwvztxrfyjwps7ge4toejc8l0vwrs	.eJxVjEEOwiAQRe_C2pApbZXp0r1nIDAMFjXQQJtojHc3JF3o9r_331sYu62z2SoXE72YxCgOv5uzdOfUgL_ZdM2SclpLdLIpcqdVXrLnx3l3_wKzrXN791oFYHZDp8Fr0KMKDjvqcAQ6KXQeGSBoUmQ1e0TuIRwJ0QUGO3CLVq415mT4ucTyEhN8vptpP7A:1w5Nx6:T3KsOLsNF0b6mCEVyzSjYn8RWohEPoeOtdeTWeigvYo	2026-04-25 18:37:16.821917+05:30
tywpovd9lpwoz7d7862zc5tglhci6c6z	.eJxVjEEOwiAQRe_C2pApbZXp0r1nIDAMFjXQQJtojHc3JF3o9r_331sYu62z2SoXE72YxCgOv5uzdOfUgL_ZdM2SclpLdLIpcqdVXrLnx3l3_wKzrXN791oFYHZDp8Fr0KMKDjvqcAQ6KXQeGSBoUmQ1e0TuIRwJ0QUGO3CLVq415mT4ucTyEhN8vptpP7A:1w5Nx7:66RaBFJtdo7rDduV2LoaH3-mEi61uywKPrvEb8CSikU	2026-04-25 18:37:17.584831+05:30
nbaf92x9429wndghtqsi8lrfzidz3v60	.eJxVjMsOwiAQRf-FtSGlLa8u3fsNhGEGixowpU00xn9Xki50cxf3nJwXc35bZ7dVWlxCNjHDDr8f-HCl3ABefD4XHkpelwS8KXynlZ8K0u24u3-B2de5ZfUgpVAUeytg_I7pxwEVakuDj4QQYg8yCEsoQaLpjBo1YOw0KCsFtWilWlPJjh73tDzZ1L0_gbg_Lg:1w5P74:aFLh_uFs3SIJqTl9MnVBpvdUmL9X4yipZMg41EkXN5A	2026-04-25 19:51:38.052894+05:30
\.


--
-- Data for Name: orders_order; Type: TABLE DATA; Schema: public; Owner: postgres
--

COPY public.orders_order (id, status, book_time, receive_time, notes, canteen_id, customer_id, reject_reason, cancel_rejection_reason, is_rated, customer_name, roll_no) FROM stdin;
1	COMPLETED	2026-03-24 01:02:33.678938+05:30	2026-03-24 01:02:33.678748+05:30		1	1			f		
4	REFUNDED	2026-03-24 01:02:33.690673+05:30	\N		1	2			f		
6	REFUNDED	2026-03-24 01:03:17.960481+05:30	\N		1	2	Out of coffee beans		f		
2	COMPLETED	2026-03-24 01:02:33.683983+05:30	2026-03-24 01:03:11.933365+05:30		1	1			t		
5	REFUNDED	2026-03-24 01:03:17.081913+05:30	\N		1	1	jus		f		
7	COMPLETED	2026-03-25 14:46:29.662805+05:30	2026-03-25 15:08:25.90126+05:30		1	5			f	Aayush	240024
3	COMPLETED	2026-03-24 01:02:33.687226+05:30	2026-03-25 15:08:38.658252+05:30		1	2			f		
10	COMPLETED	2026-03-25 15:07:19.922823+05:30	2026-03-25 15:08:35.691095+05:30		1	5			t	Aayush	240024
9	COMPLETED	2026-03-25 14:50:09.819843+05:30	2026-03-25 15:08:34.004998+05:30		1	5			t	Aayush	240024
8	COMPLETED	2026-03-25 14:49:46.62416+05:30	2026-03-25 15:08:31.522253+05:30		1	5			t	Aayush	240024
11	PENDING	2026-03-25 18:01:50.224419+05:30	\N		1	5			f	Aayush	240024
12	PENDING	2026-03-25 18:03:28.704166+05:30	\N		1	5			f	Aayush	241101
13	COMPLETED	2026-03-25 19:49:12.925314+05:30	2026-03-25 19:49:50.612476+05:30		1	5			t	Aayush	240024
\.


--
-- Data for Name: orders_orderitem; Type: TABLE DATA; Schema: public; Owner: postgres
--

COPY public.orders_orderitem (id, quantity, price_at_order, dish_id, order_id) FROM stdin;
1	2	108.00	1	1
2	1	40.00	3	1
3	1	60.00	2	2
4	1	108.00	1	3
5	2	60.00	2	3
6	3	40.00	3	4
7	1	108.00	1	5
8	2	60.00	2	5
9	2	40.00	3	6
10	1	120.00	1	7
11	1	60.00	2	8
12	2	40.00	3	8
13	2	90.00	4	9
14	1	90.00	4	10
15	1	60.00	2	11
16	1	60.00	2	12
17	1	90.00	4	13
\.


--
-- Data for Name: orders_payment; Type: TABLE DATA; Schema: public; Owner: postgres
--

COPY public.orders_payment (id, amount, status, created_at, updated_at, order_id) FROM stdin;
1	256.00	COMPLETED	2026-03-24 01:02:33.682073+05:30	2026-03-24 01:02:33.682083+05:30	1
2	60.00	COMPLETED	2026-03-24 01:02:33.686115+05:30	2026-03-24 01:02:33.686122+05:30	2
3	228.00	COMPLETED	2026-03-24 01:02:33.689622+05:30	2026-03-24 01:02:33.68963+05:30	3
4	120.00	REFUNDED	2026-03-24 01:02:33.692059+05:30	2026-03-24 01:02:33.692065+05:30	4
6	80.00	REFUNDED	2026-03-24 01:03:17.961967+05:30	2026-03-24 01:03:18.054651+05:30	6
7	120.00	COMPLETED	2026-03-25 14:46:29.677127+05:30	2026-03-25 14:46:29.677138+05:30	7
8	140.00	COMPLETED	2026-03-25 14:49:46.625332+05:30	2026-03-25 14:49:46.625341+05:30	8
9	180.00	COMPLETED	2026-03-25 14:50:09.822386+05:30	2026-03-25 14:50:09.822403+05:30	9
10	90.00	COMPLETED	2026-03-25 15:07:19.924345+05:30	2026-03-25 15:07:19.924355+05:30	10
5	228.00	REFUNDED	2026-03-24 01:03:17.08305+05:30	2026-03-25 15:08:15.725794+05:30	5
11	60.00	COMPLETED	2026-03-25 18:01:50.225342+05:30	2026-03-25 18:01:50.225349+05:30	11
12	60.00	COMPLETED	2026-03-25 18:03:28.706089+05:30	2026-03-25 18:03:28.706102+05:30	12
13	90.00	COMPLETED	2026-03-25 19:49:12.92677+05:30	2026-03-25 19:49:12.926778+05:30	13
\.


--
-- Data for Name: users_adminactivitylog; Type: TABLE DATA; Schema: public; Owner: postgres
--

COPY public.users_adminactivitylog (id, action, details, "timestamp", admin_id) FROM stdin;
1	approve_canteen	Approved canteen: New Cafe	2026-03-24 01:03:12.434522+05:30	1
2	broadcast_notification	Sent to 5 users (ALL): Test broadcast to all users	2026-03-24 01:03:12.583824+05:30	1
3	unsuspend_user	Unsuspended: suspended@iitk.ac.in	2026-03-24 01:03:18.376295+05:30	1
4	suspend_user	Suspended: suspended@iitk.ac.in	2026-03-24 01:03:18.654344+05:30	1
5	broadcast_notification	Sent to 3 users (CUSTOMER): Special offer for students!	2026-03-24 01:03:19.941616+05:30	1
\.


--
-- Data for Name: users_adminprofile; Type: TABLE DATA; Schema: public; Owner: postgres
--

COPY public.users_adminprofile (id, admin_id, role_level, user_id) FROM stdin;
1	be511842-a756-4c51-9375-2d7353e9d37f	STANDARD	1
\.


--
-- Data for Name: users_canteenmanagerprofile; Type: TABLE DATA; Schema: public; Owner: postgres
--

COPY public.users_canteenmanagerprofile (id, manager_id, contact_details, wallet_balance, wallet_pin_hash, user_id) FROM stdin;
2	1f7e993e-ee91-4fca-bb32-a4581fe2b9e8	Manager 2, Hall 9	0.00		6
1	5cfdd7c8-10ad-489a-9dbf-c44450ceb5af	Manager 1, Hall 5	1908.00	9af15b336e6a9619928537df30b2e6a2376569fcf9d7e773eccede65606529a0	5
\.


--
-- Data for Name: users_customerprofile; Type: TABLE DATA; Schema: public; Owner: postgres
--

COPY public.users_customerprofile (id, name, phone, wallet_balance, wallet_pin_hash, user_id) FROM stdin;
3	Suspended User		0.00		4
4	New Student		0.00		7
2	Priya Patel	9876543211	300.00	f8638b979b2f4f793ddb6dbd197e0ee25a7a6ea32b0ae22f5e3c5d119d839e75	3
6	Prathamesh Thorat		0.00		9
1	Rahul S. Updated	9999999999	700.00	c1f330d0aff31c1c87403f1e4347bcc21aff7c179908723535f2b31723702525	2
7	Aarya Bhatt		0.00		11
5	Aayush		1960.00	9988ad0a66f28fe8611962a06a593865c1c8103f87258e3920986fc2a4ba2d0e	8
\.


--
-- Data for Name: users_customerprofile_favorite_dishes; Type: TABLE DATA; Schema: public; Owner: postgres
--

COPY public.users_customerprofile_favorite_dishes (id, customerprofile_id, dish_id) FROM stdin;
1	1	1
2	1	2
\.


--
-- Data for Name: users_otpverification; Type: TABLE DATA; Schema: public; Owner: postgres
--

COPY public.users_otpverification (id, email, otp, created_at, is_used, name, password_hash, role) FROM stdin;
1	newstudent@iitk.ac.in	786415	2026-03-24 01:03:12.830773+05:30	t	New Student	pbkdf2_sha256$1000000$CDedm5beSworj9oiNUDP7a$X6IU8Ss5iXeXyIeetT44BQGx7dLgEkGuV0LE5KTGpZ0=	CUSTOMER
2	aayushk24@iitk.ac.in	769442	2026-03-24 21:05:20.204073+05:30	t	Aayush	pbkdf2_sha256$1000000$9yKRFuzKx8t1k8lj4KzuBo$Iw7zE8CKbgOpwkH/dOWIKSo/ETcbJDt+aekDad7mShc=	CUSTOMER
3	tpshyam24@iitk.ac.in	143733	2026-03-25 01:15:29.908189+05:30	t	Prathamesh Thorat	pbkdf2_sha256$1000000$kgs9NW0r6URUhnlKRB20ni$JCSH52ydExXwkn74X3/VIUdVgZGKKJpkY70e8j+/ibY=	CUSTOMER
4	aayushk24@iitk.ac.in	587313	2026-03-25 13:56:37.459966+05:30	t			CUSTOMER
5	aaryajb24@iitk.ac.in	529985	2026-03-25 18:28:13.180364+05:30	t	Aarya Bhatt	pbkdf2_sha256$1000000$DnPcnVl0bJpvKow0Ki0SV6$+8YsjMIadYyJ8wEEd6W1xTz36nrvWwV2AXHaxy7CENM=	CUSTOMER
6	aayushk24@iitk.ac.in	129439	2026-03-25 18:34:50.171187+05:30	t			CUSTOMER
\.


--
-- Data for Name: users_pendingmanagerregistration; Type: TABLE DATA; Schema: public; Owner: postgres
--

COPY public.users_pendingmanagerregistration (id, email, password_hash, name, status, rejection_reason, created_at) FROM stdin;
\.


--
-- Data for Name: users_user; Type: TABLE DATA; Schema: public; Owner: postgres
--

COPY public.users_user (id, password, last_login, is_superuser, email, role, is_suspended, is_active, is_staff, is_verified, created_at, updated_at) FROM stdin;
1	pbkdf2_sha256$1000000$gSal9uRlvF1Ydb2OMnZEIm$3fir1n0YqgUO8SJ5i+gXXkO7mWropDqg2fFttgWHhDM=	2026-03-25 09:56:48.497185+05:30	f	admin@iitk.ac.in	ADMIN	f	t	t	t	2026-03-24 01:02:32.547828+05:30	2026-03-24 01:02:32.563379+05:30
2	pbkdf2_sha256$1000000$byBz9QMc0MnNo7radpptIl$rTidcFVor9hTDCKWH1SdrsdYVUarRoBa8KFL3E66/xM=	2026-03-25 10:11:14.573801+05:30	f	rahul@iitk.ac.in	CUSTOMER	f	t	f	t	2026-03-24 01:02:32.772574+05:30	2026-03-24 01:02:32.782829+05:30
6	pbkdf2_sha256$1000000$tQdWjOREi4bDeZ3Hjr4KxJ$zLXnBj31ERxMS6JOL4wJBMEQJv0kb9mk7eDhZpwuQjo=	\N	f	manager2@iitk.ac.in	MANAGER	f	t	f	t	2026-03-24 01:02:33.656898+05:30	2026-03-24 01:02:33.667454+05:30
11	pbkdf2_sha256$1000000$DnPcnVl0bJpvKow0Ki0SV6$+8YsjMIadYyJ8wEEd6W1xTz36nrvWwV2AXHaxy7CENM=	2026-03-25 18:33:46.813516+05:30	f	aaryajb24@iitk.ac.in	CUSTOMER	f	t	f	t	2026-03-25 18:28:39.295166+05:30	2026-03-25 18:28:39.295175+05:30
7	pbkdf2_sha256$1000000$CDedm5beSworj9oiNUDP7a$X6IU8Ss5iXeXyIeetT44BQGx7dLgEkGuV0LE5KTGpZ0=	\N	f	newstudent@iitk.ac.in	CUSTOMER	f	t	f	t	2026-03-24 01:03:17.041044+05:30	2026-03-24 01:03:17.041056+05:30
3	pbkdf2_sha256$1000000$puRELj54aSc4zEWC4aEkZF$acXe2NIjwmFHnvZBbBy2/EYRiSxx6zXv3qENQzg3OQw=	2026-03-24 01:03:17.879802+05:30	f	priya@iitk.ac.in	CUSTOMER	f	t	f	t	2026-03-24 01:02:32.99491+05:30	2026-03-24 01:02:33.005233+05:30
4	pbkdf2_sha256$1000000$aI8wui3zgOHtWHOG9psnc5$E3b1WG8WVuyDdFsdZbuF2zVPmdzJTdXfMSrt43RMxik=	2026-03-24 01:03:18.62499+05:30	f	suspended@iitk.ac.in	CUSTOMER	t	t	f	t	2026-03-24 01:02:33.215982+05:30	2026-03-24 01:02:33.226862+05:30
9	pbkdf2_sha256$1000000$kgs9NW0r6URUhnlKRB20ni$JCSH52ydExXwkn74X3/VIUdVgZGKKJpkY70e8j+/ibY=	\N	f	tpshyam24@iitk.ac.in	CUSTOMER	f	t	f	t	2026-03-25 01:15:52.501377+05:30	2026-03-25 01:15:52.501395+05:30
5	pbkdf2_sha256$1000000$kbIAzGmWIVXWEWgKrmWl2p$2b3q/1hmQcuhHai6D8Lwc+2mKKrZpsdGCdcHR/NkBqE=	2026-03-25 19:49:35.897528+05:30	f	manager1@iitk.ac.in	MANAGER	f	t	f	t	2026-03-24 01:02:33.436459+05:30	2026-03-24 01:02:33.446796+05:30
8	pbkdf2_sha256$1000000$hu14hQbeVZMAoaSTCwzghw$K6ZimfJ79+Zq7Ml4QbvZCA/8XCrPl7IjFXKxxnhSy1w=	2026-03-25 19:51:38.049743+05:30	f	aayushk24@iitk.ac.in	CUSTOMER	f	t	f	t	2026-03-24 21:06:05.915697+05:30	2026-03-25 18:35:25.55746+05:30
\.


--
-- Data for Name: users_user_groups; Type: TABLE DATA; Schema: public; Owner: postgres
--

COPY public.users_user_groups (id, user_id, group_id) FROM stdin;
\.


--
-- Data for Name: users_user_user_permissions; Type: TABLE DATA; Schema: public; Owner: postgres
--

COPY public.users_user_user_permissions (id, user_id, permission_id) FROM stdin;
\.


--
-- Name: auth_group_id_seq; Type: SEQUENCE SET; Schema: public; Owner: postgres
--

SELECT pg_catalog.setval('public.auth_group_id_seq', 1, false);


--
-- Name: auth_group_permissions_id_seq; Type: SEQUENCE SET; Schema: public; Owner: postgres
--

SELECT pg_catalog.setval('public.auth_group_permissions_id_seq', 1, false);


--
-- Name: auth_permission_id_seq; Type: SEQUENCE SET; Schema: public; Owner: postgres
--

SELECT pg_catalog.setval('public.auth_permission_id_seq', 80, true);


--
-- Name: cakes_cakereservation_id_seq; Type: SEQUENCE SET; Schema: public; Owner: postgres
--

SELECT pg_catalog.setval('public.cakes_cakereservation_id_seq', 5, true);


--
-- Name: canteens_canteen_id_seq; Type: SEQUENCE SET; Schema: public; Owner: postgres
--

SELECT pg_catalog.setval('public.canteens_canteen_id_seq', 2, true);


--
-- Name: canteens_canteenholiday_id_seq; Type: SEQUENCE SET; Schema: public; Owner: postgres
--

SELECT pg_catalog.setval('public.canteens_canteenholiday_id_seq', 3, true);


--
-- Name: canteens_dish_id_seq; Type: SEQUENCE SET; Schema: public; Owner: postgres
--

SELECT pg_catalog.setval('public.canteens_dish_id_seq', 11, true);


--
-- Name: canteens_dishrating_id_seq; Type: SEQUENCE SET; Schema: public; Owner: postgres
--

SELECT pg_catalog.setval('public.canteens_dishrating_id_seq', 6, true);


--
-- Name: django_admin_log_id_seq; Type: SEQUENCE SET; Schema: public; Owner: postgres
--

SELECT pg_catalog.setval('public.django_admin_log_id_seq', 1, false);


--
-- Name: django_content_type_id_seq; Type: SEQUENCE SET; Schema: public; Owner: postgres
--

SELECT pg_catalog.setval('public.django_content_type_id_seq', 20, true);


--
-- Name: django_migrations_id_seq; Type: SEQUENCE SET; Schema: public; Owner: postgres
--

SELECT pg_catalog.setval('public.django_migrations_id_seq', 40, true);


--
-- Name: orders_order_id_seq; Type: SEQUENCE SET; Schema: public; Owner: postgres
--

SELECT pg_catalog.setval('public.orders_order_id_seq', 13, true);


--
-- Name: orders_orderitem_id_seq; Type: SEQUENCE SET; Schema: public; Owner: postgres
--

SELECT pg_catalog.setval('public.orders_orderitem_id_seq', 17, true);


--
-- Name: orders_payment_id_seq; Type: SEQUENCE SET; Schema: public; Owner: postgres
--

SELECT pg_catalog.setval('public.orders_payment_id_seq', 13, true);


--
-- Name: users_adminactivitylog_id_seq; Type: SEQUENCE SET; Schema: public; Owner: postgres
--

SELECT pg_catalog.setval('public.users_adminactivitylog_id_seq', 5, true);


--
-- Name: users_adminprofile_id_seq; Type: SEQUENCE SET; Schema: public; Owner: postgres
--

SELECT pg_catalog.setval('public.users_adminprofile_id_seq', 1, true);


--
-- Name: users_canteenmanagerprofile_id_seq; Type: SEQUENCE SET; Schema: public; Owner: postgres
--

SELECT pg_catalog.setval('public.users_canteenmanagerprofile_id_seq', 2, true);


--
-- Name: users_customerprofile_favorite_dishes_id_seq; Type: SEQUENCE SET; Schema: public; Owner: postgres
--

SELECT pg_catalog.setval('public.users_customerprofile_favorite_dishes_id_seq', 2, true);


--
-- Name: users_customerprofile_id_seq; Type: SEQUENCE SET; Schema: public; Owner: postgres
--

SELECT pg_catalog.setval('public.users_customerprofile_id_seq', 7, true);


--
-- Name: users_otpverification_id_seq; Type: SEQUENCE SET; Schema: public; Owner: postgres
--

SELECT pg_catalog.setval('public.users_otpverification_id_seq', 6, true);


--
-- Name: users_pendingmanagerregistration_id_seq; Type: SEQUENCE SET; Schema: public; Owner: postgres
--

SELECT pg_catalog.setval('public.users_pendingmanagerregistration_id_seq', 1, false);


--
-- Name: users_user_groups_id_seq; Type: SEQUENCE SET; Schema: public; Owner: postgres
--

SELECT pg_catalog.setval('public.users_user_groups_id_seq', 1, false);


--
-- Name: users_user_id_seq; Type: SEQUENCE SET; Schema: public; Owner: postgres
--

SELECT pg_catalog.setval('public.users_user_id_seq', 11, true);


--
-- Name: users_user_user_permissions_id_seq; Type: SEQUENCE SET; Schema: public; Owner: postgres
--

SELECT pg_catalog.setval('public.users_user_user_permissions_id_seq', 1, false);


--
-- Name: auth_group auth_group_name_key; Type: CONSTRAINT; Schema: public; Owner: postgres
--

ALTER TABLE ONLY public.auth_group
    ADD CONSTRAINT auth_group_name_key UNIQUE (name);


--
-- Name: auth_group_permissions auth_group_permissions_group_id_permission_id_0cd325b0_uniq; Type: CONSTRAINT; Schema: public; Owner: postgres
--

ALTER TABLE ONLY public.auth_group_permissions
    ADD CONSTRAINT auth_group_permissions_group_id_permission_id_0cd325b0_uniq UNIQUE (group_id, permission_id);


--
-- Name: auth_group_permissions auth_group_permissions_pkey; Type: CONSTRAINT; Schema: public; Owner: postgres
--

ALTER TABLE ONLY public.auth_group_permissions
    ADD CONSTRAINT auth_group_permissions_pkey PRIMARY KEY (id);


--
-- Name: auth_group auth_group_pkey; Type: CONSTRAINT; Schema: public; Owner: postgres
--

ALTER TABLE ONLY public.auth_group
    ADD CONSTRAINT auth_group_pkey PRIMARY KEY (id);


--
-- Name: auth_permission auth_permission_content_type_id_codename_01ab375a_uniq; Type: CONSTRAINT; Schema: public; Owner: postgres
--

ALTER TABLE ONLY public.auth_permission
    ADD CONSTRAINT auth_permission_content_type_id_codename_01ab375a_uniq UNIQUE (content_type_id, codename);


--
-- Name: auth_permission auth_permission_pkey; Type: CONSTRAINT; Schema: public; Owner: postgres
--

ALTER TABLE ONLY public.auth_permission
    ADD CONSTRAINT auth_permission_pkey PRIMARY KEY (id);


--
-- Name: cakes_cakereservation cakes_cakereservation_pkey; Type: CONSTRAINT; Schema: public; Owner: postgres
--

ALTER TABLE ONLY public.cakes_cakereservation
    ADD CONSTRAINT cakes_cakereservation_pkey PRIMARY KEY (id);


--
-- Name: canteens_canteen canteens_canteen_manager_id_key; Type: CONSTRAINT; Schema: public; Owner: postgres
--

ALTER TABLE ONLY public.canteens_canteen
    ADD CONSTRAINT canteens_canteen_manager_id_key UNIQUE (manager_id);


--
-- Name: canteens_canteen canteens_canteen_pkey; Type: CONSTRAINT; Schema: public; Owner: postgres
--

ALTER TABLE ONLY public.canteens_canteen
    ADD CONSTRAINT canteens_canteen_pkey PRIMARY KEY (id);


--
-- Name: canteens_canteenholiday canteens_canteenholiday_canteen_id_date_ce233631_uniq; Type: CONSTRAINT; Schema: public; Owner: postgres
--

ALTER TABLE ONLY public.canteens_canteenholiday
    ADD CONSTRAINT canteens_canteenholiday_canteen_id_date_ce233631_uniq UNIQUE (canteen_id, date);


--
-- Name: canteens_canteenholiday canteens_canteenholiday_pkey; Type: CONSTRAINT; Schema: public; Owner: postgres
--

ALTER TABLE ONLY public.canteens_canteenholiday
    ADD CONSTRAINT canteens_canteenholiday_pkey PRIMARY KEY (id);


--
-- Name: canteens_dish canteens_dish_pkey; Type: CONSTRAINT; Schema: public; Owner: postgres
--

ALTER TABLE ONLY public.canteens_dish
    ADD CONSTRAINT canteens_dish_pkey PRIMARY KEY (id);


--
-- Name: canteens_dishrating canteens_dishrating_dish_id_customer_id_order_id_678ea11e_uniq; Type: CONSTRAINT; Schema: public; Owner: postgres
--

ALTER TABLE ONLY public.canteens_dishrating
    ADD CONSTRAINT canteens_dishrating_dish_id_customer_id_order_id_678ea11e_uniq UNIQUE (dish_id, customer_id, order_id);


--
-- Name: canteens_dishrating canteens_dishrating_pkey; Type: CONSTRAINT; Schema: public; Owner: postgres
--

ALTER TABLE ONLY public.canteens_dishrating
    ADD CONSTRAINT canteens_dishrating_pkey PRIMARY KEY (id);


--
-- Name: django_admin_log django_admin_log_pkey; Type: CONSTRAINT; Schema: public; Owner: postgres
--

ALTER TABLE ONLY public.django_admin_log
    ADD CONSTRAINT django_admin_log_pkey PRIMARY KEY (id);


--
-- Name: django_content_type django_content_type_app_label_model_76bd3d3b_uniq; Type: CONSTRAINT; Schema: public; Owner: postgres
--

ALTER TABLE ONLY public.django_content_type
    ADD CONSTRAINT django_content_type_app_label_model_76bd3d3b_uniq UNIQUE (app_label, model);


--
-- Name: django_content_type django_content_type_pkey; Type: CONSTRAINT; Schema: public; Owner: postgres
--

ALTER TABLE ONLY public.django_content_type
    ADD CONSTRAINT django_content_type_pkey PRIMARY KEY (id);


--
-- Name: django_migrations django_migrations_pkey; Type: CONSTRAINT; Schema: public; Owner: postgres
--

ALTER TABLE ONLY public.django_migrations
    ADD CONSTRAINT django_migrations_pkey PRIMARY KEY (id);


--
-- Name: django_session django_session_pkey; Type: CONSTRAINT; Schema: public; Owner: postgres
--

ALTER TABLE ONLY public.django_session
    ADD CONSTRAINT django_session_pkey PRIMARY KEY (session_key);


--
-- Name: orders_order orders_order_pkey; Type: CONSTRAINT; Schema: public; Owner: postgres
--

ALTER TABLE ONLY public.orders_order
    ADD CONSTRAINT orders_order_pkey PRIMARY KEY (id);


--
-- Name: orders_orderitem orders_orderitem_pkey; Type: CONSTRAINT; Schema: public; Owner: postgres
--

ALTER TABLE ONLY public.orders_orderitem
    ADD CONSTRAINT orders_orderitem_pkey PRIMARY KEY (id);


--
-- Name: orders_payment orders_payment_order_id_key; Type: CONSTRAINT; Schema: public; Owner: postgres
--

ALTER TABLE ONLY public.orders_payment
    ADD CONSTRAINT orders_payment_order_id_key UNIQUE (order_id);


--
-- Name: orders_payment orders_payment_pkey; Type: CONSTRAINT; Schema: public; Owner: postgres
--

ALTER TABLE ONLY public.orders_payment
    ADD CONSTRAINT orders_payment_pkey PRIMARY KEY (id);


--
-- Name: users_adminactivitylog users_adminactivitylog_pkey; Type: CONSTRAINT; Schema: public; Owner: postgres
--

ALTER TABLE ONLY public.users_adminactivitylog
    ADD CONSTRAINT users_adminactivitylog_pkey PRIMARY KEY (id);


--
-- Name: users_adminprofile users_adminprofile_admin_id_key; Type: CONSTRAINT; Schema: public; Owner: postgres
--

ALTER TABLE ONLY public.users_adminprofile
    ADD CONSTRAINT users_adminprofile_admin_id_key UNIQUE (admin_id);


--
-- Name: users_adminprofile users_adminprofile_pkey; Type: CONSTRAINT; Schema: public; Owner: postgres
--

ALTER TABLE ONLY public.users_adminprofile
    ADD CONSTRAINT users_adminprofile_pkey PRIMARY KEY (id);


--
-- Name: users_adminprofile users_adminprofile_user_id_key; Type: CONSTRAINT; Schema: public; Owner: postgres
--

ALTER TABLE ONLY public.users_adminprofile
    ADD CONSTRAINT users_adminprofile_user_id_key UNIQUE (user_id);


--
-- Name: users_canteenmanagerprofile users_canteenmanagerprofile_manager_id_key; Type: CONSTRAINT; Schema: public; Owner: postgres
--

ALTER TABLE ONLY public.users_canteenmanagerprofile
    ADD CONSTRAINT users_canteenmanagerprofile_manager_id_key UNIQUE (manager_id);


--
-- Name: users_canteenmanagerprofile users_canteenmanagerprofile_pkey; Type: CONSTRAINT; Schema: public; Owner: postgres
--

ALTER TABLE ONLY public.users_canteenmanagerprofile
    ADD CONSTRAINT users_canteenmanagerprofile_pkey PRIMARY KEY (id);


--
-- Name: users_canteenmanagerprofile users_canteenmanagerprofile_user_id_key; Type: CONSTRAINT; Schema: public; Owner: postgres
--

ALTER TABLE ONLY public.users_canteenmanagerprofile
    ADD CONSTRAINT users_canteenmanagerprofile_user_id_key UNIQUE (user_id);


--
-- Name: users_customerprofile_favorite_dishes users_customerprofile_fa_customerprofile_id_dish__5e7e6789_uniq; Type: CONSTRAINT; Schema: public; Owner: postgres
--

ALTER TABLE ONLY public.users_customerprofile_favorite_dishes
    ADD CONSTRAINT users_customerprofile_fa_customerprofile_id_dish__5e7e6789_uniq UNIQUE (customerprofile_id, dish_id);


--
-- Name: users_customerprofile_favorite_dishes users_customerprofile_favorite_dishes_pkey; Type: CONSTRAINT; Schema: public; Owner: postgres
--

ALTER TABLE ONLY public.users_customerprofile_favorite_dishes
    ADD CONSTRAINT users_customerprofile_favorite_dishes_pkey PRIMARY KEY (id);


--
-- Name: users_customerprofile users_customerprofile_pkey; Type: CONSTRAINT; Schema: public; Owner: postgres
--

ALTER TABLE ONLY public.users_customerprofile
    ADD CONSTRAINT users_customerprofile_pkey PRIMARY KEY (id);


--
-- Name: users_customerprofile users_customerprofile_user_id_key; Type: CONSTRAINT; Schema: public; Owner: postgres
--

ALTER TABLE ONLY public.users_customerprofile
    ADD CONSTRAINT users_customerprofile_user_id_key UNIQUE (user_id);


--
-- Name: users_otpverification users_otpverification_pkey; Type: CONSTRAINT; Schema: public; Owner: postgres
--

ALTER TABLE ONLY public.users_otpverification
    ADD CONSTRAINT users_otpverification_pkey PRIMARY KEY (id);


--
-- Name: users_pendingmanagerregistration users_pendingmanagerregistration_email_key; Type: CONSTRAINT; Schema: public; Owner: postgres
--

ALTER TABLE ONLY public.users_pendingmanagerregistration
    ADD CONSTRAINT users_pendingmanagerregistration_email_key UNIQUE (email);


--
-- Name: users_pendingmanagerregistration users_pendingmanagerregistration_pkey; Type: CONSTRAINT; Schema: public; Owner: postgres
--

ALTER TABLE ONLY public.users_pendingmanagerregistration
    ADD CONSTRAINT users_pendingmanagerregistration_pkey PRIMARY KEY (id);


--
-- Name: users_user users_user_email_key; Type: CONSTRAINT; Schema: public; Owner: postgres
--

ALTER TABLE ONLY public.users_user
    ADD CONSTRAINT users_user_email_key UNIQUE (email);


--
-- Name: users_user_groups users_user_groups_pkey; Type: CONSTRAINT; Schema: public; Owner: postgres
--

ALTER TABLE ONLY public.users_user_groups
    ADD CONSTRAINT users_user_groups_pkey PRIMARY KEY (id);


--
-- Name: users_user_groups users_user_groups_user_id_group_id_b88eab82_uniq; Type: CONSTRAINT; Schema: public; Owner: postgres
--

ALTER TABLE ONLY public.users_user_groups
    ADD CONSTRAINT users_user_groups_user_id_group_id_b88eab82_uniq UNIQUE (user_id, group_id);


--
-- Name: users_user users_user_pkey; Type: CONSTRAINT; Schema: public; Owner: postgres
--

ALTER TABLE ONLY public.users_user
    ADD CONSTRAINT users_user_pkey PRIMARY KEY (id);


--
-- Name: users_user_user_permissions users_user_user_permissions_pkey; Type: CONSTRAINT; Schema: public; Owner: postgres
--

ALTER TABLE ONLY public.users_user_user_permissions
    ADD CONSTRAINT users_user_user_permissions_pkey PRIMARY KEY (id);


--
-- Name: users_user_user_permissions users_user_user_permissions_user_id_permission_id_43338c45_uniq; Type: CONSTRAINT; Schema: public; Owner: postgres
--

ALTER TABLE ONLY public.users_user_user_permissions
    ADD CONSTRAINT users_user_user_permissions_user_id_permission_id_43338c45_uniq UNIQUE (user_id, permission_id);


--
-- Name: auth_group_name_a6ea08ec_like; Type: INDEX; Schema: public; Owner: postgres
--

CREATE INDEX auth_group_name_a6ea08ec_like ON public.auth_group USING btree (name varchar_pattern_ops);


--
-- Name: auth_group_permissions_group_id_b120cbf9; Type: INDEX; Schema: public; Owner: postgres
--

CREATE INDEX auth_group_permissions_group_id_b120cbf9 ON public.auth_group_permissions USING btree (group_id);


--
-- Name: auth_group_permissions_permission_id_84c5c92e; Type: INDEX; Schema: public; Owner: postgres
--

CREATE INDEX auth_group_permissions_permission_id_84c5c92e ON public.auth_group_permissions USING btree (permission_id);


--
-- Name: auth_permission_content_type_id_2f476e4b; Type: INDEX; Schema: public; Owner: postgres
--

CREATE INDEX auth_permission_content_type_id_2f476e4b ON public.auth_permission USING btree (content_type_id);


--
-- Name: cakes_cakereservation_canteen_id_85932d5b; Type: INDEX; Schema: public; Owner: postgres
--

CREATE INDEX cakes_cakereservation_canteen_id_85932d5b ON public.cakes_cakereservation USING btree (canteen_id);


--
-- Name: cakes_cakereservation_customer_id_f4dc285a; Type: INDEX; Schema: public; Owner: postgres
--

CREATE INDEX cakes_cakereservation_customer_id_f4dc285a ON public.cakes_cakereservation USING btree (customer_id);


--
-- Name: canteens_canteenholiday_canteen_id_32af08b8; Type: INDEX; Schema: public; Owner: postgres
--

CREATE INDEX canteens_canteenholiday_canteen_id_32af08b8 ON public.canteens_canteenholiday USING btree (canteen_id);


--
-- Name: canteens_dish_canteen_id_585c0a4e; Type: INDEX; Schema: public; Owner: postgres
--

CREATE INDEX canteens_dish_canteen_id_585c0a4e ON public.canteens_dish USING btree (canteen_id);


--
-- Name: canteens_dishrating_customer_id_31ab37e0; Type: INDEX; Schema: public; Owner: postgres
--

CREATE INDEX canteens_dishrating_customer_id_31ab37e0 ON public.canteens_dishrating USING btree (customer_id);


--
-- Name: canteens_dishrating_dish_id_56129111; Type: INDEX; Schema: public; Owner: postgres
--

CREATE INDEX canteens_dishrating_dish_id_56129111 ON public.canteens_dishrating USING btree (dish_id);


--
-- Name: canteens_dishrating_order_id_8cfd64c4; Type: INDEX; Schema: public; Owner: postgres
--

CREATE INDEX canteens_dishrating_order_id_8cfd64c4 ON public.canteens_dishrating USING btree (order_id);


--
-- Name: django_admin_log_content_type_id_c4bce8eb; Type: INDEX; Schema: public; Owner: postgres
--

CREATE INDEX django_admin_log_content_type_id_c4bce8eb ON public.django_admin_log USING btree (content_type_id);


--
-- Name: django_admin_log_user_id_c564eba6; Type: INDEX; Schema: public; Owner: postgres
--

CREATE INDEX django_admin_log_user_id_c564eba6 ON public.django_admin_log USING btree (user_id);


--
-- Name: django_session_expire_date_a5c62663; Type: INDEX; Schema: public; Owner: postgres
--

CREATE INDEX django_session_expire_date_a5c62663 ON public.django_session USING btree (expire_date);


--
-- Name: django_session_session_key_c0390e0f_like; Type: INDEX; Schema: public; Owner: postgres
--

CREATE INDEX django_session_session_key_c0390e0f_like ON public.django_session USING btree (session_key varchar_pattern_ops);


--
-- Name: orders_order_canteen_id_d41db471; Type: INDEX; Schema: public; Owner: postgres
--

CREATE INDEX orders_order_canteen_id_d41db471 ON public.orders_order USING btree (canteen_id);


--
-- Name: orders_order_customer_id_0b76f6a4; Type: INDEX; Schema: public; Owner: postgres
--

CREATE INDEX orders_order_customer_id_0b76f6a4 ON public.orders_order USING btree (customer_id);


--
-- Name: orders_orderitem_dish_id_a7496bf4; Type: INDEX; Schema: public; Owner: postgres
--

CREATE INDEX orders_orderitem_dish_id_a7496bf4 ON public.orders_orderitem USING btree (dish_id);


--
-- Name: orders_orderitem_order_id_fe61a34d; Type: INDEX; Schema: public; Owner: postgres
--

CREATE INDEX orders_orderitem_order_id_fe61a34d ON public.orders_orderitem USING btree (order_id);


--
-- Name: users_adminactivitylog_admin_id_cef2a172; Type: INDEX; Schema: public; Owner: postgres
--

CREATE INDEX users_adminactivitylog_admin_id_cef2a172 ON public.users_adminactivitylog USING btree (admin_id);


--
-- Name: users_customerprofile_favo_customerprofile_id_b034993d; Type: INDEX; Schema: public; Owner: postgres
--

CREATE INDEX users_customerprofile_favo_customerprofile_id_b034993d ON public.users_customerprofile_favorite_dishes USING btree (customerprofile_id);


--
-- Name: users_customerprofile_favorite_dishes_dish_id_ede24e94; Type: INDEX; Schema: public; Owner: postgres
--

CREATE INDEX users_customerprofile_favorite_dishes_dish_id_ede24e94 ON public.users_customerprofile_favorite_dishes USING btree (dish_id);


--
-- Name: users_pendingmanagerregistration_email_3025d95a_like; Type: INDEX; Schema: public; Owner: postgres
--

CREATE INDEX users_pendingmanagerregistration_email_3025d95a_like ON public.users_pendingmanagerregistration USING btree (email varchar_pattern_ops);


--
-- Name: users_user_email_243f6e77_like; Type: INDEX; Schema: public; Owner: postgres
--

CREATE INDEX users_user_email_243f6e77_like ON public.users_user USING btree (email varchar_pattern_ops);


--
-- Name: users_user_groups_group_id_9afc8d0e; Type: INDEX; Schema: public; Owner: postgres
--

CREATE INDEX users_user_groups_group_id_9afc8d0e ON public.users_user_groups USING btree (group_id);


--
-- Name: users_user_groups_user_id_5f6f5a90; Type: INDEX; Schema: public; Owner: postgres
--

CREATE INDEX users_user_groups_user_id_5f6f5a90 ON public.users_user_groups USING btree (user_id);


--
-- Name: users_user_user_permissions_permission_id_0b93982e; Type: INDEX; Schema: public; Owner: postgres
--

CREATE INDEX users_user_user_permissions_permission_id_0b93982e ON public.users_user_user_permissions USING btree (permission_id);


--
-- Name: users_user_user_permissions_user_id_20aca447; Type: INDEX; Schema: public; Owner: postgres
--

CREATE INDEX users_user_user_permissions_user_id_20aca447 ON public.users_user_user_permissions USING btree (user_id);


--
-- Name: auth_group_permissions auth_group_permissio_permission_id_84c5c92e_fk_auth_perm; Type: FK CONSTRAINT; Schema: public; Owner: postgres
--

ALTER TABLE ONLY public.auth_group_permissions
    ADD CONSTRAINT auth_group_permissio_permission_id_84c5c92e_fk_auth_perm FOREIGN KEY (permission_id) REFERENCES public.auth_permission(id) DEFERRABLE INITIALLY DEFERRED;


--
-- Name: auth_group_permissions auth_group_permissions_group_id_b120cbf9_fk_auth_group_id; Type: FK CONSTRAINT; Schema: public; Owner: postgres
--

ALTER TABLE ONLY public.auth_group_permissions
    ADD CONSTRAINT auth_group_permissions_group_id_b120cbf9_fk_auth_group_id FOREIGN KEY (group_id) REFERENCES public.auth_group(id) DEFERRABLE INITIALLY DEFERRED;


--
-- Name: auth_permission auth_permission_content_type_id_2f476e4b_fk_django_co; Type: FK CONSTRAINT; Schema: public; Owner: postgres
--

ALTER TABLE ONLY public.auth_permission
    ADD CONSTRAINT auth_permission_content_type_id_2f476e4b_fk_django_co FOREIGN KEY (content_type_id) REFERENCES public.django_content_type(id) DEFERRABLE INITIALLY DEFERRED;


--
-- Name: cakes_cakereservation cakes_cakereservatio_canteen_id_85932d5b_fk_canteens_; Type: FK CONSTRAINT; Schema: public; Owner: postgres
--

ALTER TABLE ONLY public.cakes_cakereservation
    ADD CONSTRAINT cakes_cakereservatio_canteen_id_85932d5b_fk_canteens_ FOREIGN KEY (canteen_id) REFERENCES public.canteens_canteen(id) DEFERRABLE INITIALLY DEFERRED;


--
-- Name: cakes_cakereservation cakes_cakereservatio_customer_id_f4dc285a_fk_users_cus; Type: FK CONSTRAINT; Schema: public; Owner: postgres
--

ALTER TABLE ONLY public.cakes_cakereservation
    ADD CONSTRAINT cakes_cakereservatio_customer_id_f4dc285a_fk_users_cus FOREIGN KEY (customer_id) REFERENCES public.users_customerprofile(id) DEFERRABLE INITIALLY DEFERRED;


--
-- Name: canteens_canteen canteens_canteen_manager_id_a3a5468f_fk_users_can; Type: FK CONSTRAINT; Schema: public; Owner: postgres
--

ALTER TABLE ONLY public.canteens_canteen
    ADD CONSTRAINT canteens_canteen_manager_id_a3a5468f_fk_users_can FOREIGN KEY (manager_id) REFERENCES public.users_canteenmanagerprofile(id) DEFERRABLE INITIALLY DEFERRED;


--
-- Name: canteens_canteenholiday canteens_canteenholi_canteen_id_32af08b8_fk_canteens_; Type: FK CONSTRAINT; Schema: public; Owner: postgres
--

ALTER TABLE ONLY public.canteens_canteenholiday
    ADD CONSTRAINT canteens_canteenholi_canteen_id_32af08b8_fk_canteens_ FOREIGN KEY (canteen_id) REFERENCES public.canteens_canteen(id) DEFERRABLE INITIALLY DEFERRED;


--
-- Name: canteens_dish canteens_dish_canteen_id_585c0a4e_fk_canteens_canteen_id; Type: FK CONSTRAINT; Schema: public; Owner: postgres
--

ALTER TABLE ONLY public.canteens_dish
    ADD CONSTRAINT canteens_dish_canteen_id_585c0a4e_fk_canteens_canteen_id FOREIGN KEY (canteen_id) REFERENCES public.canteens_canteen(id) DEFERRABLE INITIALLY DEFERRED;


--
-- Name: canteens_dishrating canteens_dishrating_customer_id_31ab37e0_fk_users_cus; Type: FK CONSTRAINT; Schema: public; Owner: postgres
--

ALTER TABLE ONLY public.canteens_dishrating
    ADD CONSTRAINT canteens_dishrating_customer_id_31ab37e0_fk_users_cus FOREIGN KEY (customer_id) REFERENCES public.users_customerprofile(id) DEFERRABLE INITIALLY DEFERRED;


--
-- Name: canteens_dishrating canteens_dishrating_dish_id_56129111_fk_canteens_dish_id; Type: FK CONSTRAINT; Schema: public; Owner: postgres
--

ALTER TABLE ONLY public.canteens_dishrating
    ADD CONSTRAINT canteens_dishrating_dish_id_56129111_fk_canteens_dish_id FOREIGN KEY (dish_id) REFERENCES public.canteens_dish(id) DEFERRABLE INITIALLY DEFERRED;


--
-- Name: canteens_dishrating canteens_dishrating_order_id_8cfd64c4_fk_orders_order_id; Type: FK CONSTRAINT; Schema: public; Owner: postgres
--

ALTER TABLE ONLY public.canteens_dishrating
    ADD CONSTRAINT canteens_dishrating_order_id_8cfd64c4_fk_orders_order_id FOREIGN KEY (order_id) REFERENCES public.orders_order(id) DEFERRABLE INITIALLY DEFERRED;


--
-- Name: django_admin_log django_admin_log_content_type_id_c4bce8eb_fk_django_co; Type: FK CONSTRAINT; Schema: public; Owner: postgres
--

ALTER TABLE ONLY public.django_admin_log
    ADD CONSTRAINT django_admin_log_content_type_id_c4bce8eb_fk_django_co FOREIGN KEY (content_type_id) REFERENCES public.django_content_type(id) DEFERRABLE INITIALLY DEFERRED;


--
-- Name: django_admin_log django_admin_log_user_id_c564eba6_fk_users_user_id; Type: FK CONSTRAINT; Schema: public; Owner: postgres
--

ALTER TABLE ONLY public.django_admin_log
    ADD CONSTRAINT django_admin_log_user_id_c564eba6_fk_users_user_id FOREIGN KEY (user_id) REFERENCES public.users_user(id) DEFERRABLE INITIALLY DEFERRED;


--
-- Name: orders_order orders_order_canteen_id_d41db471_fk_canteens_canteen_id; Type: FK CONSTRAINT; Schema: public; Owner: postgres
--

ALTER TABLE ONLY public.orders_order
    ADD CONSTRAINT orders_order_canteen_id_d41db471_fk_canteens_canteen_id FOREIGN KEY (canteen_id) REFERENCES public.canteens_canteen(id) DEFERRABLE INITIALLY DEFERRED;


--
-- Name: orders_order orders_order_customer_id_0b76f6a4_fk_users_customerprofile_id; Type: FK CONSTRAINT; Schema: public; Owner: postgres
--

ALTER TABLE ONLY public.orders_order
    ADD CONSTRAINT orders_order_customer_id_0b76f6a4_fk_users_customerprofile_id FOREIGN KEY (customer_id) REFERENCES public.users_customerprofile(id) DEFERRABLE INITIALLY DEFERRED;


--
-- Name: orders_orderitem orders_orderitem_dish_id_a7496bf4_fk_canteens_dish_id; Type: FK CONSTRAINT; Schema: public; Owner: postgres
--

ALTER TABLE ONLY public.orders_orderitem
    ADD CONSTRAINT orders_orderitem_dish_id_a7496bf4_fk_canteens_dish_id FOREIGN KEY (dish_id) REFERENCES public.canteens_dish(id) DEFERRABLE INITIALLY DEFERRED;


--
-- Name: orders_orderitem orders_orderitem_order_id_fe61a34d_fk_orders_order_id; Type: FK CONSTRAINT; Schema: public; Owner: postgres
--

ALTER TABLE ONLY public.orders_orderitem
    ADD CONSTRAINT orders_orderitem_order_id_fe61a34d_fk_orders_order_id FOREIGN KEY (order_id) REFERENCES public.orders_order(id) DEFERRABLE INITIALLY DEFERRED;


--
-- Name: orders_payment orders_payment_order_id_bdccf250_fk_orders_order_id; Type: FK CONSTRAINT; Schema: public; Owner: postgres
--

ALTER TABLE ONLY public.orders_payment
    ADD CONSTRAINT orders_payment_order_id_bdccf250_fk_orders_order_id FOREIGN KEY (order_id) REFERENCES public.orders_order(id) DEFERRABLE INITIALLY DEFERRED;


--
-- Name: users_adminactivitylog users_adminactivityl_admin_id_cef2a172_fk_users_adm; Type: FK CONSTRAINT; Schema: public; Owner: postgres
--

ALTER TABLE ONLY public.users_adminactivitylog
    ADD CONSTRAINT users_adminactivityl_admin_id_cef2a172_fk_users_adm FOREIGN KEY (admin_id) REFERENCES public.users_adminprofile(id) DEFERRABLE INITIALLY DEFERRED;


--
-- Name: users_adminprofile users_adminprofile_user_id_4ccff91e_fk_users_user_id; Type: FK CONSTRAINT; Schema: public; Owner: postgres
--

ALTER TABLE ONLY public.users_adminprofile
    ADD CONSTRAINT users_adminprofile_user_id_4ccff91e_fk_users_user_id FOREIGN KEY (user_id) REFERENCES public.users_user(id) DEFERRABLE INITIALLY DEFERRED;


--
-- Name: users_canteenmanagerprofile users_canteenmanagerprofile_user_id_956e5c8c_fk_users_user_id; Type: FK CONSTRAINT; Schema: public; Owner: postgres
--

ALTER TABLE ONLY public.users_canteenmanagerprofile
    ADD CONSTRAINT users_canteenmanagerprofile_user_id_956e5c8c_fk_users_user_id FOREIGN KEY (user_id) REFERENCES public.users_user(id) DEFERRABLE INITIALLY DEFERRED;


--
-- Name: users_customerprofile_favorite_dishes users_customerprofil_customerprofile_id_b034993d_fk_users_cus; Type: FK CONSTRAINT; Schema: public; Owner: postgres
--

ALTER TABLE ONLY public.users_customerprofile_favorite_dishes
    ADD CONSTRAINT users_customerprofil_customerprofile_id_b034993d_fk_users_cus FOREIGN KEY (customerprofile_id) REFERENCES public.users_customerprofile(id) DEFERRABLE INITIALLY DEFERRED;


--
-- Name: users_customerprofile_favorite_dishes users_customerprofil_dish_id_ede24e94_fk_canteens_; Type: FK CONSTRAINT; Schema: public; Owner: postgres
--

ALTER TABLE ONLY public.users_customerprofile_favorite_dishes
    ADD CONSTRAINT users_customerprofil_dish_id_ede24e94_fk_canteens_ FOREIGN KEY (dish_id) REFERENCES public.canteens_dish(id) DEFERRABLE INITIALLY DEFERRED;


--
-- Name: users_customerprofile users_customerprofile_user_id_c320f1e5_fk_users_user_id; Type: FK CONSTRAINT; Schema: public; Owner: postgres
--

ALTER TABLE ONLY public.users_customerprofile
    ADD CONSTRAINT users_customerprofile_user_id_c320f1e5_fk_users_user_id FOREIGN KEY (user_id) REFERENCES public.users_user(id) DEFERRABLE INITIALLY DEFERRED;


--
-- Name: users_user_groups users_user_groups_group_id_9afc8d0e_fk_auth_group_id; Type: FK CONSTRAINT; Schema: public; Owner: postgres
--

ALTER TABLE ONLY public.users_user_groups
    ADD CONSTRAINT users_user_groups_group_id_9afc8d0e_fk_auth_group_id FOREIGN KEY (group_id) REFERENCES public.auth_group(id) DEFERRABLE INITIALLY DEFERRED;


--
-- Name: users_user_groups users_user_groups_user_id_5f6f5a90_fk_users_user_id; Type: FK CONSTRAINT; Schema: public; Owner: postgres
--

ALTER TABLE ONLY public.users_user_groups
    ADD CONSTRAINT users_user_groups_user_id_5f6f5a90_fk_users_user_id FOREIGN KEY (user_id) REFERENCES public.users_user(id) DEFERRABLE INITIALLY DEFERRED;


--
-- Name: users_user_user_permissions users_user_user_perm_permission_id_0b93982e_fk_auth_perm; Type: FK CONSTRAINT; Schema: public; Owner: postgres
--

ALTER TABLE ONLY public.users_user_user_permissions
    ADD CONSTRAINT users_user_user_perm_permission_id_0b93982e_fk_auth_perm FOREIGN KEY (permission_id) REFERENCES public.auth_permission(id) DEFERRABLE INITIALLY DEFERRED;


--
-- Name: users_user_user_permissions users_user_user_permissions_user_id_20aca447_fk_users_user_id; Type: FK CONSTRAINT; Schema: public; Owner: postgres
--

ALTER TABLE ONLY public.users_user_user_permissions
    ADD CONSTRAINT users_user_user_permissions_user_id_20aca447_fk_users_user_id FOREIGN KEY (user_id) REFERENCES public.users_user(id) DEFERRABLE INITIALLY DEFERRED;


--
-- PostgreSQL database dump complete
--

\unrestrict mwyLVpI35h053twEMWz0dYUfWEdDUNYrgeEpvcxzxavZ9H0Gj4fRA0hnQnH3JA6

